Video,x0,y0,score0,x1,y1,score1,x2,y2,score2,x3,y3,score3,x4,y4,score4,x5,y5,score5,x6,y6,score6,x7,y7,score7,x8,y8,score8,x9,y9,score9,x10,y10,score10,x11,y11,score11,x12,y12,score12,x13,y13,score13,x14,y14,score14,x15,y15,score15,x16,y16,score16
data\videos\no_fall\56.mp4,0.24459574,0.64160204,0.4947386,0.22963117,0.6500012,0.5348586,0.22776434,0.6471732,0.4623901,0.2337569,0.6800429,0.46656156,0.2463913,0.6282506,0.43821657,0.28665605,0.70724386,0.62135804,0.28302035,0.7106144,0.41938558,0.3719379,0.7065967,0.34914306,0.3664901,0.71053773,0.49228624,0.39129323,0.6387286,0.43728375,0.3932549,0.6462096,0.433229,0.47263286,0.7038277,0.49032706,0.46658063,0.70070755,0.42755914,0.584495,0.7160699,0.33395705,0.5771853,0.6762021,0.35286587,0.70249146,0.7568424,0.43522966,0.6972771,0.75781494,0.3288866
data\videos\no_fall\56.mp4,0.2630894,0.62921363,0.5004276,0.24906962,0.63459975,0.48355967,0.2478363,0.63391984,0.44479874,0.24704342,0.6592857,0.5284391,0.2463913,0.6282506,0.43821657,0.29498088,0.68887615,0.4879036,0.2929015,0.689434,0.62444943,0.3818733,0.6879164,0.42028522,0.38037124,0.6994413,0.53892934,0.39699492,0.6322755,0.3561736,0.4003683,0.6310347,0.36688465,0.48310828,0.68584794,0.44957554,0.4773477,0.6882974,0.42347065,0.58771896,0.71441025,0.34267187,0.580573275,0.69730397,0.42821991000000004,0.69818187,0.75453514,0.37753898,0.694005,0.75761384,0.4601551
data\videos\no_fall\56.mp4,0.26807216,0.6142947,0.43835318,0.25558493,0.6176762,0.57157886,0.25331068,0.6166013,0.31418428,0.25093004,0.6415429,0.4902698,0.2463913,0.6282506,0.43821657,0.30086416,0.6718403,0.56432927,0.2937157,0.68736243,0.59227264,0.37213644,0.672878,0.34271604,0.3671764,0.69239426,0.36765555,0.3998378,0.62303084,0.44702283,0.3985361,0.62027049,0.4200981,0.46635652,0.6640716,0.5004326,0.46329927,0.69771135,0.42827278,0.58468,0.6392643,0.40965185,0.58396125,0.71840584,0.50357395,0.6827247,0.6142356,0.5629209,0.69590557,0.75510526,0.46393722
data\videos\no_fall\56.mp4,0.2685389,0.60160685,0.5167916,0.25549582,0.6053892,0.6437162,0.25366676,0.60342944,0.4852655,0.24690855,0.62828636,0.6140478,0.2463913,0.6282506,0.43821657,0.2931565,0.6559929,0.5535371,0.2874639,0.6663327,0.5064371,0.37955147,0.6607885,0.42353013,0.37419003,0.68186355,0.41191694,0.40199205,0.6159605,0.57435024,0.3967039,0.60950628,0.47331155,0.48356277,0.6466251,0.65234673,0.4773656,0.67244905,0.6608147,0.58607835,0.6212964,0.49618733,0.5797522,0.67682767,0.53077465,0.6871339,0.61143816,0.63615984,0.68112046,0.75241655,0.6111287
data\videos\no_fall\56.mp4,0.27812496,0.5813949,0.59003425,0.2636919,0.5814464,0.41363832,0.26104453,0.5817028,0.4740962,0.25168654,0.6063569,0.5778303,0.25068146,0.605496,0.4824908,0.2928504,0.6422329,0.6135706,0.28587455,0.6474924,0.6776571,0.3846972,0.64662385,0.47574455,0.3770319,0.6633805,0.558334,0.4018853,0.6000727,0.5751172,0.3948717,0.59874207,0.526525,0.47919732,0.6381742,0.54948384,0.4736699,0.6598906,0.7447341,0.5703755,0.61866593,0.5318923,0.562949,0.6450769,0.633139,0.6803755,0.6139676,0.78767526,0.65169054,0.71521705,0.65464973
data\videos\no_fall\56.mp4,0.27925572,0.5683854,0.5699806,0.2650888,0.56800276,0.36919644,0.26311412,0.56732816,0.41199285,0.24909075,0.59366256,0.48827845,0.24911799,0.5906775,0.45520896,0.28768873,0.63211316,0.7488848,0.28448763,0.6291071,0.63588035,0.3827051,0.64131784,0.38913557,0.37808415,0.65172875,0.34437963,0.399126,0.5933449,0.6005713,0.39614734,0.5858132,0.41543728,0.47193816,0.63351095,0.70420444,0.4671057,0.63996214,0.5705235,0.576565,0.612108,0.5532868,0.5733228,0.61997086,0.42393985,0.66883016,0.6238288,0.43974993,0.65414184,0.6405874,0.50466764
data\videos\no_fall\56.mp4,0.2851043,0.5633486,0.4674557,0.2721778,0.56024766,0.61896014,0.27042645,0.55914044,0.54728436,0.25349456,0.5788963,0.5439887,0.25292093,0.57986444,0.38359013,0.29138178,0.6197927,0.51899403,0.2854303,0.61830163,0.5708511,0.39269203,0.63227516,0.37488422,0.38029018,0.63991797,0.3691469,0.3960049,0.58554506,0.5753436,0.3876779,0.58068144,0.35349923,0.47974887,0.61851335,0.40003306,0.47403726,0.6244379,0.60385096,0.58263224,0.6060793,0.5288129,0.57235175,0.60919946,0.43682358,0.6706003,0.61479133,0.655257,0.66039747,0.6245628,0.48839867
data\videos\no_fall\56.mp4,0.2882015,0.5546963,0.5795438,0.2745662,0.5526815,0.5733762,0.27405047,0.5508007,0.5122314,0.25228336,0.57184327,0.6699939,0.2537791,0.57003295,0.47940132,0.29084983,0.61721027,0.51414144,0.29228625,0.6116512,0.5353256,0.386446,0.6265294,0.32870618,0.38309547,0.62527937,0.37604126,0.39150274,0.59050614,0.39413285,0.39540094,0.5841997,0.38894686,0.48477647,0.61398923,0.6483186,0.48223162,0.61315,0.65384305,0.6053307,0.59807754,0.5189449,0.5966492,0.60653496,0.48233312,0.6929796,0.5911832,0.37350345,0.6844411,0.60998917,0.41194448
data\videos\no_fall\56.mp4,0.3026517,0.54795206,0.60985935,0.28982928,0.54676485,0.46173626,0.2887551,0.543511,0.57908463,0.26626357,0.5665528,0.6286372,0.26890308,0.5604131,0.33060858,0.2965711,0.61246824,0.60970306,0.299992,0.60102046,0.5890751,0.3835063,0.62451017,0.37762856,0.38056093,0.61220443,0.36190918,0.40144977,0.57565916,0.41529146,0.40548231999999995,0.565336185,0.38655408,0.47369653,0.6212187,0.5348854,0.4725375,0.6012757,0.597178,0.5831706,0.60761094,0.55357754,0.57373416,0.5832345,0.55501133,0.6796699,0.602213,0.35448447,0.6653691,0.58047307,0.38579375
data\videos\no_fall\56.mp4,0.31737033,0.5303282,0.5638566,0.30182368,0.52968615,0.58668244,0.30215207,0.5227514,0.50235176,0.2804031,0.5504461,0.5836194,0.28308627,0.5394116,0.35197958,0.30421305,0.5987211,0.694906,0.3093039,0.5843097,0.61366236,0.38431755,0.6153631,0.46623552,0.38534153,0.5925838,0.38387164,0.41866085,0.55808437,0.5021124,0.4155637,0.54647267,0.3841613,0.45449165,0.6279427,0.58272696,0.45702735,0.60301656,0.5992598,0.56981575,0.6083942,0.64385855,0.5614311,0.56908923,0.6902896,0.6733162,0.6102638,0.46020818,0.6591528,0.56450176,0.5362326
data\videos\no_fall\56.mp4,0.3322394,0.5195542,0.49811363,0.31971455,0.52057385,0.53091526,0.31939092,0.51526904,0.4620851,0.30721578,0.5397356,0.4288271,0.3122222633333333,0.5310787,0.35904315333333336,0.32435003,0.58873695,0.56916094,0.3372128,0.56135607,0.39941245,0.3927988,0.6143031,0.38950175,0.40356386499999997,0.57190555,0.39548604,0.42573723,0.55168337,0.40362677,0.4313108,0.5387518,0.50658464,0.4562233,0.63262916,0.6505208,0.4631064,0.5990743,0.67834425,0.5637699,0.60712564,0.39691868,0.5507363,0.55817145,0.6144738,0.66488665,0.6114957,0.69399416,0.64940184,0.5518762,0.73462653
data\videos\no_fall\56.mp4,0.35324332,0.50974345,0.5563203,0.3402399,0.51123124,0.5083811,0.34417412,0.5055756,0.39894873,0.32642144,0.53379893,0.5714046,0.3413582566666667,0.5227457999999999,0.36610672666666666,0.33556136,0.5830754,0.6596919,0.35496303,0.55215925,0.48995638,0.39595318,0.6150195,0.43504366,0.4217862,0.5512273,0.40710044,0.44671287000000004,0.5597769133333333,0.37014988000000004,0.4590267,0.53359354,0.42859492,0.47209165,0.6351206,0.6703963,0.47785196,0.5907486,0.4167215,0.57048166,0.5949192,0.4853598,0.55418354,0.54341674,0.57117784,0.67456806,0.61519575,0.7633643,0.6559105,0.54428434,0.49269256
data\videos\no_fall\56.mp4,0.3952781,0.5101646,0.5514953,0.38311237,0.5089336,0.5689802,0.3862723,0.5023613,0.44304618,0.36439386,0.52974135,0.4755204,0.37049425,0.5144129,0.3731703,0.36983314,0.57785743,0.52505374,0.38431388,0.5340544,0.44006452,0.42866513,0.6249646,0.42043796,0.44850326,0.54147846,0.3927573,0.46768851,0.5678704566666667,0.33667299,0.4795527,0.53156376,0.4494882,0.47999278,0.6304569,0.56487525,0.48684746,0.5857745,0.5932064,0.5682766,0.59353894,0.43062082,0.54961926,0.53050125,0.4454663,0.67102545,0.6175986,0.5525103,0.6512747,0.54186654,0.6609653
data\videos\no_fall\56.mp4,0.42772728,0.51477975,0.52199566,0.4143471,0.5120068,0.5182138,0.41853026,0.5056819,0.4101979,0.39113736,0.52645993,0.42675593,0.39744598,0.5101045,0.42081553,0.38545358,0.57230246,0.3912485,0.40416738,0.515056,0.3540692,0.44446847,0.6262141,0.37700233,0.4651279,0.5236458,0.33051535,0.48866415,0.575964,0.3031961,0.48412225,0.52417386,0.38475522,0.49022666,0.62438,0.5306585,0.4963224,0.59848905,0.37195057,0.5644016666666667,0.5840217666666666,0.41018314666666666,0.5394413,0.52388,0.35045803,0.6588903,0.5968388,0.36379147,0.66294545,0.59735227,0.4708181
data\videos\no_fall\56.mp4,0.45373183,0.52055156,0.42636147,0.44343853,0.5184756,0.44864565,0.44722447,0.51179856,0.5487466,0.4203763,0.5351943,0.3920308,0.40546108999999997,0.5166176124999999,0.39139356000000003,0.41208446,0.5806968,0.46767384,0.42012188,0.52523464,0.3256249,0.47801578,0.6285245,0.42375323,0.49280268,0.5249876,0.3661098,0.49527516666666666,0.5730309466666667,0.33413508333333336,0.50766265,0.5185079,0.42382962,0.49504,0.63112175,0.60439,0.49777249,0.58318657,0.41515237,0.5605267333333334,0.5745045933333333,0.38974547333333337,0.5423262,0.5136086,0.38882744,0.6619486,0.6077744,0.60802686,0.6517042,0.53504103,0.4680407
data\videos\no_fall\56.mp4,0.4617123,0.5196231,0.43628702,0.4545244,0.5218827,0.39342418,0.4558375,0.51661396,0.42883277,0.433287,0.5416451,0.4041452,0.41347619999999996,0.5231307249999999,0.36197159,0.4278749,0.5826058,0.41904554,0.43968758,0.5291078,0.33361706,0.4907214,0.617197,0.55977654,0.49816528,0.5295798,0.3145335,0.5018861833333333,0.5700978933333334,0.36507406666666664,0.5195311,0.521517,0.35578284,0.5005184,0.6315661,0.49245197,0.5038402,0.5944302,0.4175633,0.5566518,0.56498742,0.3693078,0.53836167,0.5103962,0.40491948,0.6634727,0.60595375,0.5725391,0.6488811,0.5358596,0.38118467
data\videos\no_fall\56.mp4,0.45641556,0.5295558,0.39614442,0.44732434,0.5270463,0.47291878,0.45175388,0.5209137,0.4505848,0.42757124,0.5434766,0.42772514,0.42149131,0.5296438375,0.33254962,0.424508,0.5886134,0.35751396,0.43097764,0.54010904,0.39006224,0.48547593,0.6189551,0.43938825,0.48859966,0.5325508,0.30114165,0.5084972,0.56716484,0.39601305,0.5126042866666667,0.526716,0.3391298466666667,0.50421154,0.6315704,0.5591036,0.5046912,0.59453785,0.4274017,0.5527768666666667,0.5554702466666667,0.34887012666666667,0.542663035,0.5090433999999999,0.422177315,0.6676129,0.60981506,0.5490877,0.6536601,0.5281548,0.49549013
data\videos\no_fall\56.mp4,0.44825673,0.5323292,0.50228906,0.4399083,0.5329236,0.38027528,0.4413518,0.5281992,0.50334316,0.42324507,0.5476946,0.4258418,0.42950642,0.53615695,0.30312765,0.4232164,0.58996606,0.36018443,0.43340406,0.55797595,0.5104656,0.47728616,0.61608374,0.48463222,0.48993844,0.5413902,0.35075694,0.5075534,0.57507426,0.3666399,0.5056774733333333,0.531915,0.3224768533333333,0.5089515,0.6312278,0.54970515,0.5081132,0.60598713,0.30515787,0.5489019333333334,0.5459530733333333,0.3284324533333334,0.5469644,0.5076906,0.43943515,0.66123056,0.6048527,0.45538715,0.6487032,0.53373754,0.36981595
data\videos\no_fall\56.mp4,0.43404996,0.54139715,0.43184507,0.4256246,0.54361725,0.4374152,0.424599,0.53927106,0.40133843,0.4113268,0.5595589,0.35725296,0.41894753,0.544561655,0.30517927499999997,0.4218674,0.5992307,0.40814614,0.42565882,0.5759839,0.36312112,0.48371366,0.6104173,0.41582564,0.48147702,0.55663335,0.36094972,0.49802465333333334,0.5789354266666666,0.35367933333333335,0.49875066,0.537114,0.30582386,0.51271284,0.6317424,0.4902138,0.50888586,0.6132326,0.37255836,0.545027,0.5364359,0.30799478,0.5446065,0.5090236,0.438959135,0.6546626,0.5729408,0.30018073,0.648583285,0.53017757,0.431968615
data\videos\no_fall\56.mp4,0.42474103,0.5497182,0.34070596,0.4148902,0.55318457,0.45822734,0.41633278,0.54602844,0.47607666,0.40112904,0.5718782,0.5603198,0.40838864,0.55296636,0.3072309,0.41370904,0.6124353,0.6444334,0.4281464,0.56975687,0.44832405,0.48052442,0.62831825,0.5226194,0.48895788,0.55161506,0.30921903,0.4884959066666667,0.5827965933333333,0.3407187666666667,0.49316677,0.5420489,0.31659397,0.51739794,0.6383994,0.5073129,0.5129744,0.5974156,0.49501613,0.5412613,0.55489796,0.36012065,0.5422486,0.5103566,0.43848312,0.66337836,0.60472965,0.5061685,0.64846337,0.5266176,0.49412128
data\videos\no_fall\56.mp4,0.41506565,0.5589384,0.4882488,0.40394908,0.5616953,0.4282847,0.406734,0.55261123,0.332779,0.38981953,0.5785784,0.49580988,0.3972125,0.56068295,0.412166,0.407718,0.62358826,0.55583274,0.42718664,0.5695455,0.50542796,0.47144628,0.63333386,0.3675072,0.4772001,0.561684,0.3294783,0.47896716,0.58665776,0.3277582,0.49069660249999997,0.546442625,0.3136249075,0.52268136,0.6406835,0.54607344,0.5173232,0.595228,0.5432128,0.5404284625,0.55367477,0.3658462725,0.53942394,0.5115301,0.43046555,0.6621431,0.60521996,0.57932836,0.6483766,0.52614814,0.51010704
data\videos\no_fall\56.mp4,0.40322503,0.56353784,0.45250806,0.39139864,0.56528026,0.3971324,0.3926267,0.55832124,0.41510093,0.37803406,0.58566386,0.5936663,0.38350272,0.5667572,0.35111418,0.40426055,0.62999463,0.6686199,0.4123992,0.5847523,0.46090972,0.47795036,0.6385668,0.54842734,0.47331986,0.574679,0.32936147,0.48388913,0.58548117,0.3533311,0.48822643499999996,0.55083635,0.310655845,0.52425104,0.64067715,0.44064486,0.5182377,0.600852,0.53657794,0.539595625,0.55245158,0.371571895,0.54485744,0.509608,0.398128,0.6627564,0.6031027,0.5644213,0.6513821,0.5323737,0.44540355
data\videos\no_fall\56.mp4,0.3948881,0.5716441,0.48249298,0.38363048,0.5728653,0.49427295,0.38379753,0.5654918,0.3949365,0.37108916,0.5913794,0.3647465,0.37556028,0.5771855,0.31363747,0.40189728,0.637361,0.54647624,0.40421075,0.592957,0.48420006,0.47427607,0.64256537,0.5902432,0.46816942,0.5755573,0.364575,0.481617,0.57696724,0.34427315,0.4857562675,0.555230075,0.30768678250000003,0.524945,0.6440392,0.58435434,0.5153811,0.6035562,0.53173465,0.5387627875,0.55122839,0.37729751749999996,0.54392546,0.51079786,0.5037379,0.6630807,0.6010095,0.5001019,0.6534476,0.5340386,0.4058213
data\videos\no_fall\56.mp4,0.3950204,0.58316135,0.5151935,0.38429436,0.58482766,0.43246305,0.38517156,0.5752604,0.51580894,0.36964068,0.6036812,0.61700654,0.37607285,0.5831125,0.3193064,0.39885134,0.6448696,0.71742475,0.40557095,0.5941845,0.37520185,0.47209987,0.648766,0.44537172,0.46406102,0.58619016,0.4596151,0.48786968,0.58618903,0.3372749,0.4832861,0.5596238,0.30471772,0.52311593,0.64251214,0.56205416,0.515175,0.60305434,0.5301693,0.53792995,0.5500052,0.38302314,0.5441725,0.5103027,0.5073118,0.660498,0.6048756,0.51514494,0.65086395,0.5276288,0.62211555
data\videos\no_fall\56.mp4,0.39116186,0.58786213,0.40147978,0.3804779,0.59097147,0.44923916,0.38165945,0.58236885,0.45613468,0.36621696,0.6070363,0.48695403,0.3729327,0.5900581,0.35225275,0.3969767,0.6493284,0.6260038,0.40495867,0.598132,0.4040164,0.4659985,0.6575283,0.4887384,0.4626678,0.5898693,0.38668194,0.48392283999999997,0.5891306975,0.3314937125,0.482134,0.5691273,0.3656187,0.5198461,0.64300984,0.62014496,0.51085526,0.6026069,0.49905768,0.539411545,0.5511306,0.38466144999999996,0.54477376,0.51010555,0.5342579,0.6609854,0.6013939,0.508482,0.65062815,0.53147864,0.5225233
data\videos\no_fall\56.mp4,0.38678768,0.59419674,0.41412643,0.37855875,0.5964976,0.41553935,0.3791476,0.5871831,0.45123872,0.36617842,0.61359507,0.62006164,0.37013265333333334,0.5948676333333334,0.3583894166666667,0.39794716,0.6560799,0.6626879,0.4056023,0.60680306,0.39150378,0.46813932,0.66191775,0.42127225,0.46064973,0.5917256,0.43018055,0.47997599999999996,0.5920723649999999,0.32571252500000003,0.47804758,0.5706266233333334,0.3590116266666667,0.5215303,0.6393411,0.57459486,0.5123706,0.60435873,0.5112971,0.54089314,0.552256,0.38629976,0.5435539,0.5109574,0.52652943,0.6593184,0.5974124,0.4807257,0.64869696,0.5291864,0.5208712
data\videos\no_fall\56.mp4,0.3860011,0.5979073,0.48111165,0.3754186,0.600286,0.3712626,0.37434733,0.58881426,0.4114708,0.36258894,0.61612993,0.6345068,0.3673326066666667,0.5996771666666667,0.3645260833333333,0.39601675,0.6587174,0.70611006,0.3987028,0.61849374,0.48569867,0.46564642,0.65962666,0.42254442,0.45843467,0.59570587,0.3342412,0.47602916,0.5950140325,0.3199313375,0.47396116,0.5721259466666666,0.3524045533333333,0.51980734,0.6378118,0.52479136,0.513899,0.6043593,0.38798478,0.54155344,0.53709024,0.392365,0.54366744,0.5082363,0.50958073,0.65448207,0.57541716,0.40553895,0.6437322,0.52992845,0.39465287
data\videos\no_fall\56.mp4,0.38531032,0.6009982,0.48762247,0.37313163,0.6014481,0.36359623,0.3726611,0.59268403,0.4473865,0.3603067,0.61884457,0.5260576,0.36453256,0.6044867,0.37066275,0.39561024,0.66021603,0.6855134,0.39582792,0.61772776,0.47107038,0.4651803,0.66212326,0.46917278,0.4585631,0.5974396,0.33996513,0.47208232,0.5979557,0.31415015,0.46987474,0.57362527,0.34579748,0.5201253,0.6427661,0.5901519,0.51385677,0.60485977,0.4030634,0.54174435,0.5378936,0.36431462,0.5406766,0.5061364,0.6384109,0.65441835,0.57673883,0.3924055,0.641132,0.5280124,0.38959867
data\videos\no_fall\56.mp4,0.37953103,0.6011038,0.49654496,0.3679467,0.6041529,0.49456608,0.36876956,0.59622073,0.3807862,0.35680416,0.6213612,0.34938738,0.36236966,0.60669,0.35903773,0.39522704,0.6628191,0.6741731,0.39716235,0.6138038,0.549692,0.4693475,0.66356605,0.45992377,0.46094644,0.59576684,0.33958158,0.4714161,0.5993602,0.364735435,0.4718082066666667,0.5747117633333333,0.35260050666666665,0.519892,0.6460759,0.6176025,0.51517314,0.6064038,0.4742855,0.5416147,0.53741014,0.40422887,0.5443013,0.5068758,0.57675815,0.6555526,0.5995293,0.46286273,0.64737284,0.5323955,0.4383246
data\videos\no_fall\56.mp4,0.38045153,0.6029779,0.5290228,0.36810598,0.60573524,0.5006827,0.3687695,0.59740424,0.4357328,0.35660478,0.6239833,0.43002552,0.36221159,0.60846347,0.39414984,0.3961572,0.66559666,0.66248727,0.39706466,0.6160535,0.559485,0.4685097,0.66154295,0.4035254,0.46074522,0.5972009,0.3817888,0.47074988,0.6007647,0.41532072,0.47374167333333334,0.5757982566666666,0.35940353333333336,0.52217144,0.6480571,0.60784924,0.51563644,0.6078228,0.5452565,0.54155055,0.5366899949999999,0.47161718500000005,0.5450783,0.5103412,0.6200265,0.65975505,0.60604966,0.5386279,0.6541759,0.5335154,0.47427455
data\videos\no_fall\56.mp4,0.38048172,0.6028513,0.51899314,0.36798614,0.6047209,0.50624996,0.36800683,0.5981755,0.4865431,0.35690027,0.6243373,0.4261042,0.362347205,0.6091075083333334,0.38171031666666666,0.39417556,0.66401136,0.68900645,0.39721665,0.6181223,0.57870317,0.46785083,0.66001374,0.42311716,0.46332186,0.6023841,0.3601913,0.47466403,0.5926801,0.3749308,0.47567514,0.57688475,0.36620656,0.52544135,0.65050495,0.44959983,0.5203626,0.6071314,0.6455343,0.5414864,0.53596985,0.5390055,0.5400136,0.51142806,0.6654978,0.65487105,0.59347385,0.45299134,0.6518482,0.5303416,0.48241183
data\videos\no_fall\56.mp4,0.37898487,0.6042146,0.50056845,0.3669567,0.6068672,0.51637465,0.367128,0.59935504,0.53562415,0.356996,0.62665313,0.47896627,0.36248282000000004,0.6097515466666666,0.3692707933333333,0.3957,0.66462165,0.66532147,0.39860657,0.6160317,0.5685447,0.4671919,0.6561106,0.49223942,0.46281302,0.5996687,0.36879763,0.47610864,0.5961195,0.4017862,0.472958995,0.5768800416666666,0.3794981333333334,0.5261075,0.65243816,0.55152184,0.518704,0.6100221,0.6318223,0.54078484,0.53716147,0.50854886,0.5405948,0.5123122,0.64105713,0.6575221,0.59117824,0.4484946,0.652416,0.53196734,0.49061838
data\videos\no_fall\56.mp4,0.37900242,0.60465497,0.52651155,0.36847007,0.6068313,0.49468076,0.36775926,0.60124815,0.54323465,0.3581952,0.62739563,0.51977825,0.362618435,0.610395585,0.35683127,0.3966589,0.66466993,0.6215128,0.39710063,0.61550814,0.54633504,0.46724293,0.6517833,0.4304821,0.46250007,0.6006561,0.3705121,0.46705744,0.5999498,0.37746376,0.47024285,0.5768753333333333,0.3927897066666667,0.52110684,0.64179885,0.6396312,0.51343966,0.6028568,0.64231753,0.5376501,0.54184693,0.4557116,0.54346853,0.5091669,0.63932145,0.6556483,0.59707206,0.4370184,0.65102047,0.5317334,0.48995987
data\videos\no_fall\56.mp4,0.37611827,0.6038836,0.35232052,0.3679638,0.6097755,0.44347534,0.36753577,0.6029946,0.5234337,0.35838953,0.6277641,0.53146935,0.36275405,0.6110396233333334,0.34439174666666666,0.39890358,0.6670925,0.65918237,0.39661697,0.6195853,0.51487887,0.46937835,0.6566478,0.4709125,0.46086702,0.60076183,0.40248373,0.46679318,0.6001719,0.36471993,0.467526705,0.576870625,0.40608128,0.52139664,0.6433671,0.59244883,0.511922,0.604472,0.5424038,0.5379673,0.54185109,0.45502242,0.5444164,0.5090611,0.5862285,0.6543371,0.5936812,0.3765787,0.64663464,0.52873766,0.3808323
data\videos\no_fall\56.mp4,0.37664267,0.6079303,0.48297775,0.36615762,0.6090111,0.32625663,0.3657235,0.6023306,0.5179648,0.3581369,0.62931,0.50901115,0.36288966500000003,0.6116836616666667,0.3319522233333333,0.39939287,0.666809,0.68596303,0.39873973,0.6176565,0.53612024,0.46986863,0.6579038,0.5041551,0.46061203,0.59554166,0.39775613,0.470941,0.59893113,0.38064536,0.46481056,0.5768659166666666,0.41937285333333335,0.523939,0.64698094,0.58093184,0.51662064,0.6066972,0.51347554,0.5382845,0.54185525,0.45433323999999997,0.5439766,0.5097518,0.5973584,0.65946764,0.59914285,0.50784576,0.6506093,0.530942,0.46179265
data\videos\no_fall\56.mp4,0.37993053,0.6061698,0.3727758,0.37077147,0.6106945,0.3263949,0.36995625,0.60401994,0.53475726,0.36086738,0.63024634,0.60191447,0.36302528,0.6123277,0.3195127,0.39873856,0.6658784,0.67119235,0.39747325,0.61733913,0.55483234,0.4682759,0.65454435,0.46752098,0.46057862,0.59506136,0.41387135,0.4691166,0.5996036,0.4019126,0.462094415,0.5768612083333333,0.4326644266666667,0.52475876,0.64570665,0.59057057,0.5161631,0.6059023,0.6250794,0.5386017,0.5418594099999999,0.45364406,0.5429459,0.51115334,0.6330155,0.6597713,0.5936339,0.5120418,0.65226316,0.5298053,0.4841685
data\videos\no_fall\56.mp4,0.37992534,0.6060664,0.53213435,0.3682669,0.607982,0.48179734,0.36801594,0.6009642,0.57532316,0.3594091,0.627168,0.5486679,0.36189163,0.613080175,0.317497735,0.39865384,0.66558987,0.71358854,0.3961999,0.61652625,0.55307156,0.47044724,0.65766746,0.5059672,0.4586056,0.59429127,0.45547512,0.46668756,0.60129607,0.3886978,0.45937827,0.5768565,0.445956,0.52701145,0.6462748,0.5885415,0.5167643,0.6051726,0.6934296,0.5389189,0.54186357,0.45295488,0.54430705,0.51077324,0.65994745,0.6631142,0.6000073,0.5759417,0.6514772,0.52804714,0.622881
data\videos\no_fall\56.mp4,0.38254008,0.60759974,0.5225966,0.37078354,0.6089314,0.42615515,0.3700629,0.60345864,0.525368,0.35968962,0.62869084,0.5757614,0.36075798,0.61383265,0.31548277,0.3968119,0.6645656,0.6407938,0.39500552,0.6180029,0.53399193,0.46934533,0.656481,0.3914636,0.4605688,0.5918607,0.44479686,0.47010666,0.5978360199999999,0.36464721,0.4634462,0.56984925,0.3742888,0.52455384,0.6455491,0.62981373,0.5186668,0.6069397,0.59785193,0.5392361,0.54186773,0.4522657,0.5397025,0.51378554,0.5125282,0.6594594,0.5976081,0.5176842,0.6505668,0.53163546,0.46185395
data\videos\no_fall\56.mp4,0.3818028,0.6060318,0.50499594,0.36954886,0.6088675,0.46262047,0.36924878,0.6016831,0.5604242,0.36028314,0.62832195,0.5770588,0.36220281,0.6122518450000001,0.314781835,0.39941978,0.66384935,0.7230484,0.3959575,0.61865103,0.5271716,0.4696969,0.6572005,0.48612756,0.4608175,0.59132427,0.46421853,0.47352576,0.59437597,0.34059662,0.46760297,0.57019114,0.37521997,0.52754366,0.64496166,0.53623563,0.5191497,0.6048382,0.6323556,0.539241208,0.541922912,0.446937708,0.54283184,0.51062495,0.58343506,0.66122496,0.59671044,0.40289843,0.65252,0.52718127,0.56653386
data\videos\no_fall\56.mp4,0.3821692,0.6074791,0.37152272,0.37094784,0.61224717,0.30928326,0.37096515,0.6039635,0.5243193,0.36146507,0.63005567,0.6174891,0.36364764,0.61067104,0.3140809,0.39878148,0.66405386,0.710203,0.39689073,0.6148869,0.57919824,0.47002336,0.65273046,0.49362695,0.46081135,0.59011555,0.500401,0.47374216,0.5906035,0.3161548,0.4674762,0.56844825,0.410934,0.5282648,0.65030533,0.42181972,0.52169013,0.60635525,0.5408646,0.539246316,0.541978094,0.441609716,0.54395264,0.5094851,0.5728648,0.65698886,0.6017379,0.5339632,0.64877397,0.5308928,0.49864256
data\videos\no_fall\56.mp4,0.3828178,0.607098,0.46619135,0.37027326,0.6106098,0.30835372,0.37056887,0.6022675,0.5151886,0.36117512,0.62905514,0.60358346,0.363856495,0.60996747,0.30737142500000003,0.39968982,0.6654183,0.7172346,0.3999114,0.6140768,0.620834,0.47262767,0.652979,0.50719243,0.4619238,0.58857775,0.484904,0.47215894,0.59393895,0.3701319,0.46653575,0.56954217,0.37944916,0.52770084,0.6464467,0.57043004,0.5210679,0.60649616,0.52732515,0.539251424,0.5420332760000001,0.436281724,0.54354227,0.50925094,0.56405175,0.65458703,0.5991309,0.43648702,0.64772326,0.5286088,0.5680531
data\videos\no_fall\56.mp4,0.38380504,0.60609984,0.5244682,0.37168577,0.60929096,0.42424673,0.37178636,0.60173804,0.48792297,0.36153433,0.6289416,0.6337824,0.36406535,0.6092639,0.30066195,0.39871064,0.6642412,0.70432687,0.3973221,0.61552197,0.58030224,0.4711393,0.6584603,0.50697994,0.4606335,0.5888921,0.46835884,0.4705098,0.59658176,0.36965045,0.4657895,0.57118595,0.3985619,0.5268639,0.64388305,0.51804733,0.51841116,0.6022765,0.6232058,0.539256532,0.542088458,0.430953732,0.54397607,0.50951797,0.5901027,0.6586582,0.5994368,0.49685746,0.6497885,0.5299461,0.44218108
data\videos\no_fall\56.mp4,0.3844799,0.60651845,0.52602214,0.37268928,0.60860384,0.4281282,0.37228498,0.6021636,0.49563932,0.3605618,0.628401,0.60458505,0.36269855,0.6112385,0.30309364,0.39833093,0.6636623,0.6961538,0.39583662,0.6201199,0.5300206,0.46820816,0.65408075,0.47746864,0.46031097,0.5924403,0.45207396,0.47042742,0.5942837,0.34147868,0.46589124,0.571244,0.37511605,0.5265768,0.6410491,0.5795994,0.51513875,0.6018416,0.6206357,0.53926164,0.54214364,0.42562574,0.54328877,0.5103046,0.5921074,0.65853816,0.60092956,0.55799973,0.65074223,0.5317915,0.4877753
data\videos\no_fall\56.mp4,0.385384,0.60443276,0.5127864,0.3732532,0.6079314,0.41537118,0.37325758,0.600746,0.40594822,0.3616757,0.62761414,0.60207355,0.3626102,0.6112115333333333,0.32895930333333334,0.3981377,0.6657139,0.6963084,0.39705405,0.61428976,0.57353044,0.46839085,0.65490973,0.45806995,0.46090668,0.5878497,0.50917137,0.4735256,0.5947411,0.33150315,0.46845394,0.56370336,0.37604403,0.52782804,0.644928,0.5719265,0.5172272,0.60473275,0.67527807,0.538454655,0.5477787675000001,0.40099807,0.5420958,0.5109891,0.5920166,0.6588011,0.60304743,0.50704765,0.6519115,0.52970207,0.46316576
data\videos\no_fall\56.mp4,0.38460758,0.60452974,0.52667904,0.37230977,0.60697097,0.43751833,0.3723023,0.60003376,0.4215834,0.35975373,0.6270724,0.56830394,0.36252185000000003,0.6111845666666667,0.35482496666666663,0.39758402,0.66384244,0.67583275,0.3954163,0.61751765,0.536071,0.4665331,0.65451264,0.47563544,0.4597913,0.5877565,0.4968867,0.47028124,0.595167,0.32428113,0.4653597,0.5658502,0.38474947,0.52637416,0.6452816,0.59677696,0.51601154,0.6037876,0.6326869,0.5376476699999999,0.553413895,0.3763704,0.5437141,0.51012826,0.6081878,0.65987307,0.59949464,0.5140383,0.6521599,0.5320014,0.48255014
data\videos\no_fall\56.mp4,0.38325313,0.60439616,0.51817757,0.37084156,0.6079411,0.43130922,0.37112343,0.60022104,0.45598057,0.35821345,0.6270808,0.5339254,0.3624335,0.6111576,0.38069063,0.39654386,0.6642187,0.69452524,0.3960229,0.6133895,0.5805239,0.4709745,0.65323067,0.5260923,0.4608985,0.58861774,0.50636184,0.47687656,0.5905744,0.36945248,0.47167814,0.56566644,0.38819048,0.527502,0.6478707,0.37016892,0.5183785,0.6038858,0.6674497,0.5368406849999999,0.5590490225,0.35174273,0.5441029,0.5095122,0.5796495,0.65440524,0.5986905,0.45738158,0.64987385,0.52920014,0.58542687
data\videos\no_fall\56.mp4,0.3832019,0.6039043,0.5333878,0.36971533,0.60820514,0.43541878,0.3713162,0.59890777,0.4076859,0.35862604,0.625888,0.51931775,0.36501545,0.60640764,0.4588877,0.3959365,0.66413355,0.70054066,0.3991565,0.6107217,0.59245545,0.46667418,0.6586367,0.5108409,0.46181124,0.5886656,0.4726781,0.47623596,0.5926847,0.37210536,0.4725324,0.56680155,0.40349063,0.5274585,0.65131325,0.42358723,0.522929,0.6061878,0.5511943,0.5360337,0.56468415,0.32711506,0.5439507,0.51099193,0.58795714,0.65477735,0.5991611,0.41417634,0.65256184,0.5337093,0.5253022
data\videos\no_fall\56.mp4,0.38303784,0.6035991,0.5063132,0.370031,0.6069326,0.44157672,0.37082046,0.59839046,0.392993,0.35934764,0.6244797,0.5016069,0.36426046,0.60726476,0.42594728,0.39793605,0.6634784,0.7279873,0.39828378,0.6146781,0.56537735,0.46969786,0.6557278,0.4977944,0.46150398,0.58747584,0.45759276,0.47447443,0.5940273,0.35225722,0.46948686,0.5666356,0.36278573,0.5249392,0.64844525,0.4824619,0.5219728,0.6074676,0.5350094,0.538036085,0.552775145,0.38029833,0.5433226,0.5101068,0.56923866,0.655386,0.5996823,0.43781614,0.65130615,0.5351427,0.52102864
data\videos\no_fall\56.mp4,0.38398898,0.60186195,0.5061605,0.37086272,0.6047679,0.43366665,0.37152228,0.59718853,0.3686976,0.3576793,0.62188286,0.43169957,0.36149836,0.60835135,0.43181992,0.39551815,0.6635113,0.7041124,0.3959602,0.61157554,0.54339945,0.46923414,0.65938604,0.5827558,0.46029088,0.5847929,0.4889913,0.475798,0.5918025,0.35782108,0.4683762,0.56484026,0.38778585,0.53537697,0.6519565,0.47882438,0.5268109,0.60742885,0.4337777,0.54003847,0.54086614,0.4334816,0.5441861,0.5080798,0.5669136,0.6560867,0.59783626,0.41291916,0.64880556,0.5318528,0.44142288
data\videos\no_fall\56.mp4,0.38404706,0.6015864,0.5392669,0.3710087,0.6048545,0.45519224,0.37168685,0.5965748,0.36960486,0.35972062,0.62307835,0.48169547,0.36421934,0.60707444,0.44844806,0.39726484,0.66305125,0.7497742,0.39747047,0.6114526,0.5704763,0.46995282,0.6632599,0.42889336,0.45980904,0.58803177,0.45656753,0.47558272,0.59858936,0.4267364,0.46883872,0.5687357,0.4309625,0.53062314,0.64556456,0.6092651,0.52209306,0.6025144,0.62621224,0.5406520850000001,0.5470993550000001,0.38310305,0.54490215,0.5091971,0.5573572,0.657947,0.59995973,0.46988434,0.6520269,0.5318593,0.4565277
data\videos\no_fall\56.mp4,0.38449743,0.6027309,0.55264086,0.37152982,0.60569346,0.46506637,0.37192667,0.59811354,0.40885073,0.3591878,0.6232234,0.50457156,0.362482,0.6092402,0.41436014,0.39626443,0.6627167,0.7253531,0.39588723,0.6115939,0.5546452,0.47171646,0.66202587,0.5684607,0.4609446,0.5847138,0.49655956,0.47499964,0.59696037,0.38567653,0.46850595,0.5679701,0.4131413,0.52774125,0.64596933,0.55548966,0.52081895,0.6042888,0.63928473,0.5412657,0.55333257,0.3327245,0.54129195,0.5114951,0.6151253,0.65565705,0.5988722,0.41366374,0.6505827,0.53351134,0.46715716
data\videos\no_fall\56.mp4,0.38289312,0.60292345,0.5252147,0.36979595,0.606623,0.46369863,0.37105924,0.597881,0.39544573,0.35950157,0.6234115,0.49537122,0.36426678,0.60663223,0.46345294,0.39625233,0.66455483,0.7274852,0.397869,0.6090704,0.5708889,0.46833643,0.66438836,0.45674446,0.4603316,0.5833084,0.5044366,0.47581553,0.60097104,0.43031308,0.4694123,0.5645765,0.43413946,0.5316456,0.6505929,0.44497788,0.5222674,0.6068004,0.6471827,0.5410465666666666,0.5495682566666666,0.34769802666666666,0.5412363,0.5114014,0.62561774,0.6602083,0.6007349,0.47266614,0.6524752,0.5320962,0.34658626
data\videos\no_fall\56.mp4,0.38366976,0.6013029,0.54248285,0.3711124,0.6043197,0.4593121,0.37155107,0.59600294,0.37874886,0.36018682,0.62179244,0.4599539,0.36418298,0.6062226,0.46729726,0.39757842,0.6630903,0.7453762,0.39748093,0.6118323,0.56096184,0.46908554,0.6623925,0.454166,0.45948943,0.5868346,0.4861823,0.47555304,0.6004846,0.4126804,0.46905246,0.56702936,0.42805934,0.5288309,0.6456325,0.56959546,0.5204427,0.6016584,0.6340147,0.5408274333333334,0.5458039433333334,0.36267155333333334,0.544657,0.50736564,0.5700708,0.6587439,0.5939442,0.32042456,0.65132403,0.52831125,0.56689084
data\videos\no_fall\56.mp4,0.38454577,0.60185933,0.53887105,0.37156987,0.60475004,0.44376868,0.3722736,0.59688604,0.35866836,0.36076546,0.62177324,0.4724159,0.3647258,0.6078004,0.4796327,0.3976909,0.6640566,0.74825054,0.3977545,0.61460274,0.56810296,0.47071356,0.6627796,0.5767157,0.4612893,0.5851513,0.5040902,0.4772801,0.5982957,0.3917251,0.47171372,0.5635868,0.32143956,0.5279298,0.64743114,0.5714233,0.5209766,0.60645056,0.5361004,0.5406083,0.54203963,0.37764508,0.54157877,0.50730073,0.6351809,0.65706444,0.597667,0.47888407,0.64890546,0.5282418,0.5300033
data\videos\no_fall\56.mp4,0.38564232,0.60287255,0.53229064,0.3727215,0.60592884,0.42879552,0.37417564,0.5977867,0.3363171,0.36164021,0.6225938,0.49046904,0.3663332,0.6067618,0.43930176,0.39903942,0.6651274,0.71807337,0.3988219,0.6151671,0.5569886,0.46908888,0.66334844,0.5097724,0.46010128,0.5867956,0.4794182,0.47825643,0.5965333,0.40678245,0.47307357,0.56498384,0.39113432,0.5276587,0.6491926,0.52612126,0.5235614,0.60655123,0.51958686,0.5402722,0.540902585,0.391384725,0.5441616,0.50734913,0.50245225,0.65815085,0.5977673,0.43879348,0.650515,0.5276953,0.56589466
data\videos\no_fall\56.mp4,0.38629788,0.60229564,0.54362226,0.3746508,0.60531455,0.40581703,0.3744277,0.59741485,0.35969618,0.36116052,0.62189066,0.48599598,0.36501953,0.608057,0.46690762,0.39760453,0.66415495,0.7157798,0.3971998,0.61582994,0.5308175,0.4659251,0.6591483,0.50478053,0.45967785,0.58569145,0.4779351,0.4732854,0.59904265,0.37408173,0.4675393,0.5654086,0.4042107,0.52479416,0.6467059,0.5976926,0.5183551,0.6070073,0.529304,0.5399361,0.53976554,0.40512437,0.5396919,0.50729036,0.6461719,0.6563414,0.59441036,0.4734975,0.6484503,0.5299539,0.42087606
data\videos\no_fall\56.mp4,0.38520375,0.60156715,0.54591125,0.3726297,0.6035644,0.40084302,0.37289375,0.59651,0.33723637,0.35957873,0.6220277,0.44276592,0.36331955,0.6082952,0.44764388,0.39635372,0.66329783,0.705264,0.3963742,0.6152815,0.52596307,0.46890172,0.66143423,0.5636053,0.4610291,0.59176713,0.489979,0.47552294,0.5958104,0.35609785,0.47108766,0.56788427,0.41435838,0.5305007,0.64896125,0.425859,0.520709,0.6055225,0.64195615,0.5401457,0.5419131,0.44795603,0.5439415,0.50917864,0.57357365,0.656118,0.5985267,0.46966717,0.6498992,0.5338833,0.4994924
data\videos\no_fall\56.mp4,0.386135,0.6016566,0.52476937,0.3747272,0.6044081,0.3973664,0.37414145,0.59720886,0.3401752,0.3607299,0.62147045,0.46318316,0.36404535,0.6088118,0.44919816,0.39783195,0.6623445,0.7069572,0.396262,0.615608,0.52235854,0.46725994,0.66122335,0.54172885,0.4598691,0.59000075,0.4626274,0.47286567,0.5971093,0.3436114,0.46774763,0.56843966,0.41504872,0.5270612,0.64569134,0.5879284,0.51635176,0.60469127,0.61339414,0.540007265,0.5402766,0.42054976499999996,0.53853977,0.5116022,0.68300605,0.6578276,0.60141665,0.51859045,0.6514851,0.5320856,0.5202205
data\videos\no_fall\56.mp4,0.3861908,0.6016608,0.5302439,0.3750107,0.6050555,0.42539743,0.37442738,0.5967449,0.3298371,0.36221352,0.6206567,0.42098227,0.36558688,0.606635,0.42970785,0.39999226,0.66241777,0.7192804,0.39748582,0.6156296,0.52236223,0.4699013,0.659206,0.5296135,0.4595083,0.58909625,0.47397158,0.47782388,0.59475857,0.34960258,0.47142252,0.5672863,0.39838392,0.5277969,0.6381852,0.53907585,0.5175701,0.6030424,0.5942049,0.53986883,0.5386401,0.3931435,0.5377005,0.50900924,0.6344348,0.6559742,0.59422386,0.39800844,0.6477114,0.5272532,0.45969412
data\videos\no_fall\56.mp4,0.38437456,0.60188204,0.5283598,0.37093556,0.60467094,0.4506925,0.3719095,0.5965216,0.3518386,0.3595775,0.6214549,0.4257757,0.3646853,0.6068124,0.45146894,0.39753136,0.66331697,0.73386574,0.39841735,0.6136666,0.5737226,0.46926042,0.66315734,0.55808973,0.45982367,0.59053266,0.46662703,0.47706706499999996,0.597549785,0.37580995500000003,0.47179532,0.56963336,0.43031698,0.5279871,0.6477636,0.55154574,0.52339417,0.60915005,0.59334064,0.53950715,0.55578107,0.37705436,0.54268056,0.51318085,0.59244066,0.6597523,0.6025723,0.4733623,0.65123075,0.5333491,0.46476105
data\videos\no_fall\56.mp4,0.38133842,0.60186183,0.49834916,0.3680665,0.6054323,0.5120566,0.3692981,0.5964884,0.4092979,0.35956824,0.623474,0.4696069,0.36584008,0.6066706,0.43053842,0.39900663,0.66260326,0.7390938,0.40217152,0.61323285,0.59075516,0.4698496,0.6611453,0.5604038,0.46278486,0.5933709,0.43706843,0.47631025,0.600341,0.40201733,0.4752323,0.5718398,0.35170963,0.5271842,0.6462081,0.5044744,0.51973087,0.6075957,0.6304311,0.5413760750000001,0.5489738,0.46407653000000004,0.5419492,0.51249796,0.55022675,0.657792,0.59656054,0.4187506,0.65018934,0.5315362,0.42972118
data\videos\no_fall\56.mp4,0.38596368,0.6028887,0.53255063,0.3732541,0.60564554,0.40954697,0.3744567,0.59824157,0.36795732,0.36079687,0.623653,0.4999091,0.36468166,0.60860944,0.45590204,0.3968997,0.662591,0.7259666,0.39769912,0.61484116,0.5561398,0.46710598,0.6604704,0.55066204,0.46216834,0.59204566,0.41243264,0.48635328,0.6043893,0.39823645,0.47892362,0.5676995,0.38668326,0.5264212,0.6439273,0.5294938,0.5178264,0.6028016,0.6366168,0.543245,0.54216653,0.5510987,0.54073393,0.51189697,0.5818616,0.65528214,0.59105945,0.34888518,0.6520078,0.532628,0.47869274
data\videos\no_fall\56.mp4,0.38656777,0.60199463,0.5097816,0.37376153,0.60502535,0.4087055,0.3753413,0.5969224,0.33855903,0.36266258,0.6223203,0.47599205,0.3678243,0.60502756,0.4348654,0.3990462,0.6632541,0.719204,0.39959136,0.6140355,0.55883205,0.46851653,0.6634179,0.5163536,0.46032298,0.59412974,0.4277875,0.476262,0.60329735,0.4274276,0.47041103,0.5725203,0.4113255,0.5248303,0.6406074,0.4448657,0.5161594,0.60299134,0.5740091,0.54102534,0.5524417,0.35323337,0.54315305,0.5111951,0.5580012,0.65273046,0.5735543,0.32352942,0.6474685,0.52851737,0.57944095
data\videos\no_fall\56.mp4,0.38537875,0.60149646,0.49741733,0.37288702,0.604296,0.39798892,0.3733858,0.59606665,0.3123712,0.36219984,0.6221719,0.48213333,0.36678028,0.60606396,0.4540907,0.39921805,0.661888,0.6990963,0.3984237,0.61266965,0.5560684,0.46992615,0.6603028,0.5298288,0.4601951,0.59309864,0.44800687,0.47031704,0.6033478,0.4038045,0.46441233,0.5742746,0.40652356,0.5258289,0.63426435,0.37066445,0.5163879,0.59792703,0.6172277,0.5419387800000001,0.5555188,0.3554364466666667,0.5437357,0.5118754,0.5772142,0.65881556,0.58800954,0.40763828,0.6493354,0.5298697,0.46133113
data\videos\no_fall\56.mp4,0.3825303,0.6018619,0.5064758,0.36953852,0.60565007,0.49593782,0.3707503,0.5956474,0.34806794,0.36132818,0.62260693,0.4616218,0.3678922,0.6027521,0.37132722,0.39899573,0.6621398,0.7168732,0.4017984,0.6138638,0.57746243,0.46241286,0.66064304,0.49383098,0.45797902,0.59323597,0.44569552,0.47267005,0.60251355,0.35845655,0.4670558,0.57088894,0.42427963,0.52545536,0.64658904,0.47396758,0.5166925,0.6056997,0.58697015,0.54285222,0.5585959,0.3576395233333333,0.54053926,0.5191893,0.4803514,0.66110295,0.5969195,0.39520082,0.65452236,0.5296716,0.53461504
data\videos\no_fall\56.mp4,0.38238737,0.60098976,0.48174325,0.3695492,0.6045671,0.4628074,0.37062386,0.5954614,0.3458598,0.36064088,0.6211176,0.42310238,0.36646524,0.60379446,0.42013526,0.3974195,0.66022456,0.7597225,0.39979273,0.6114906,0.5800667,0.46759093,0.6625714,0.5120592,0.45888722,0.58947736,0.47220203,0.47561115,0.6021225,0.39825726,0.470152,0.56751573,0.4235555,0.525814,0.6473739,0.4935664,0.517284,0.60496134,0.57090294,0.54376566,0.561673,0.3598426,0.54278016,0.51515377,0.59236157,0.65800136,0.5957933,0.3969657,0.6524984,0.5307433,0.47765404
data\videos\no_fall\56.mp4,0.38394386,0.60169756,0.48087692,0.3715419,0.60594076,0.4459091,0.37289625,0.5959648,0.31558773,0.3636676,0.6214429,0.45054162,0.36953473,0.60151035,0.42322722,0.39818835,0.6598048,0.7217971,0.40129638,0.60868627,0.541105,0.46580604,0.66369224,0.5238203,0.4565816,0.58595616,0.45892394,0.47574863777777776,0.6021696666666667,0.3931826288888889,0.46971837,0.56484383,0.42828724,0.5224291,0.6420489,0.5937362,0.51080275,0.6016148,0.5160581,0.5476609,0.56377834,0.34698656,0.54359305,0.51330054,0.60170186,0.6588459,0.5979511,0.4947325,0.65080345,0.5306438,0.47964895
data\videos\no_fall\56.mp4,0.38260818,0.60103506,0.48835173,0.3702986,0.60552293,0.46125323,0.37129194,0.59564495,0.34141254,0.3625521,0.62120223,0.42385393,0.36812687,0.6020674,0.41412884,0.3984157,0.659946,0.73192793,0.40123633,0.6084837,0.5481988,0.46306348,0.6611013,0.52425027,0.4563952,0.58402187,0.44155422,0.47588612555555554,0.6022168333333333,0.38810799777777777,0.46831656,0.5640887,0.44422877,0.52698016,0.64479333,0.5847833,0.5152479,0.60361284,0.59021115,0.547233,0.56339204,0.3195497,0.5436913,0.51317704,0.59380615,0.6606452,0.5991096,0.35919264,0.654178,0.5323905,0.43210894
data\videos\no_fall\56.mp4,0.38334906,0.601195,0.48579118,0.370779,0.605472,0.44847748,0.3720365,0.59567183,0.31744173,0.36233336,0.6218477,0.44654605,0.36836487,0.60250515,0.39728853,0.39911634,0.66091734,0.7167014,0.40167665,0.6095742,0.5613861,0.4654367,0.6608481,0.5507206,0.45723188,0.585815,0.45315462,0.4760236133333333,0.602264,0.38303336666666665,0.47176147,0.56259805,0.39897773,0.5255096,0.6456697,0.47864512,0.5172137,0.6035063,0.5860963,0.54678285,0.56379044,0.3568858,0.5428166,0.51361215,0.5917169,0.65908575,0.59266984,0.36922568,0.6505222,0.52729326,0.5529564
data\videos\no_fall\56.mp4,0.38391596,0.6011912,0.48547754,0.37177384,0.60446876,0.3923072,0.37188765,0.5943587,0.4057203,0.3626115,0.6194748,0.40573335,0.36706007,0.60267776,0.4302016,0.39725778,0.65990776,0.7675941,0.3991351,0.60995203,0.5600128,0.46190032,0.66426325,0.5021945,0.45606104,0.5857393,0.45588946,0.4761611011111111,0.6023111666666667,0.37795873555555554,0.4669717,0.5665377,0.4305742,0.52640533,0.646392,0.51856506,0.51853377,0.6056323,0.5742012,0.5455094,0.56429327,0.3379631,0.54305106,0.51443124,0.60658014,0.65788835,0.5969046,0.3267074,0.652958,0.53096336,0.44649333
data\videos\no_fall\56.mp4,0.38097182,0.6003747,0.46760958,0.36806044,0.604189,0.49487257,0.36871275,0.5923183,0.46832103,0.36012742,0.619902,0.3640785,0.36661175,0.59952915,0.30797684,0.3978135,0.6611381,0.7425803,0.4003315,0.6082632,0.5329988,0.46165904,0.6620829,0.49833134,0.45479393,0.58506167,0.43068275,0.4762985888888889,0.6023583333333333,0.3728841044444445,0.46668324,0.5661582,0.4484904,0.5243049,0.6457529,0.46683538,0.51612,0.60449755,0.5660663,0.54955655,0.56219876,0.37261927,0.5427418,0.51595384,0.6244923,0.6635872,0.60018635,0.596468,0.6541903,0.5314932,0.46438468
data\videos\no_fall\56.mp4,0.38208705,0.6013719,0.49854204,0.36924005,0.6057911,0.4780286,0.37086257,0.59586114,0.3546669,0.36232188,0.6209479,0.44362822,0.36832544,0.60089064,0.40434048,0.39793086,0.66070044,0.7608726,0.40139642,0.6054629,0.51007473,0.4652864,0.6663563,0.5034336,0.4568325,0.5822476,0.46854445,0.47643607666666665,0.6024055,0.36780947333333336,0.4716857,0.56210196,0.43245226,0.52440166,0.6443696,0.60498947,0.51377654,0.60222226,0.58243275,0.546908,0.5643709,0.40462306,0.5439681,0.5120249,0.61611927,0.6602946,0.59959996,0.5404489,0.6530462,0.5295224,0.60303134
data\videos\no_fall\56.mp4,0.38324597,0.60081774,0.4971288,0.37095064,0.60497993,0.4248166,0.37125808,0.5945955,0.41540194,0.36306414,0.6205858,0.44140175,0.36789513,0.60280466,0.44718972,0.39793703,0.66151184,0.77693063,0.40050337,0.6085144,0.57166743,0.4621636,0.663368,0.51301223,0.4570828,0.58281386,0.47628152,0.47657356444444443,0.6024526666666667,0.36273484222222224,0.4725932,0.5611944,0.43507433,0.52594674,0.6447316,0.52443403,0.51863503,0.6026526,0.6320108,0.54778814,0.56054133,0.35259518,0.5405967,0.5166099,0.48486152,0.66049135,0.5980313,0.5453683,0.65539306,0.5319104,0.4623072
data\videos\no_fall\56.mp4,0.38243097,0.6010969,0.4725198,0.36939648,0.6043339,0.4468955,0.37002045,0.5938383,0.43323973,0.36028904,0.6201846,0.37635726,0.36576858,0.6024437,0.3793522,0.39712209,0.6609263,0.76227707,0.3987375,0.610214,0.56744283,0.4630862,0.6635384,0.49658403,0.45620784,0.5851552,0.46872774,0.4767110522222222,0.6024998333333333,0.3576602111111111,0.46695858,0.56596273,0.43228078,0.5236749,0.64224803,0.4557331,0.5157814,0.60248524,0.6220056,0.54845726,0.56083304,0.3552975,0.5416335,0.5165417,0.48686886,0.6630593,0.5991449,0.60122895,0.6542723,0.5284825,0.6083118
data\videos\no_fall\56.mp4,0.37995052,0.60030776,0.47489253,0.3670436,0.60443664,0.5169786,0.3676366,0.59282213,0.45414582,0.35929865,0.62045133,0.36199266,0.36546144,0.60186815,0.32068968,0.39812183,0.66065747,0.7308918,0.40061533,0.6090526,0.56394875,0.46211505,0.6624434,0.5038463,0.45682693,0.5879296,0.4490577,0.47684854,0.602547,0.35258558,0.47084996,0.5637245,0.41501912,0.52725714,0.6407443,0.51342386,0.5188757,0.6044009,0.60161674,0.54622763,0.563507,0.3597989,0.54414946,0.5150454,0.60909545,0.66033435,0.5974372,0.5232607,0.6514158,0.52983326,0.44172516
data\videos\no_fall\56.mp4,0.37730864,0.6021546,0.47187513,0.36510256,0.60747457,0.43867978,0.36651877,0.59738016,0.38444266,0.35858744,0.62274486,0.40455818,0.364557,0.60441077,0.39558166,0.39864787,0.66092765,0.7456665,0.4030858,0.6069107,0.5179693,0.4612085,0.66181177,0.47128248,0.45711485,0.5839844,0.4454768,0.4742036,0.60044104,0.32945043,0.46679863,0.5625379,0.4063235,0.52618504,0.6414391,0.50190115,0.51835316,0.6038114,0.6494037,0.53991175,0.5631665,0.36197376,0.54046875,0.5146122,0.56318897,0.6573735,0.59585273,0.40762722,0.6508602,0.52738106,0.58465993
data\videos\no_fall\56.mp4,0.37068358,0.6038341,0.48188505,0.36041507,0.60907006,0.30682,0.36077198,0.60105795,0.34875664,0.35749868,0.626872,0.44729367,0.3606414,0.6089586,0.35607675,0.40030605,0.66040605,0.69625425,0.40252945,0.6040586,0.5897143,0.46136138,0.65927905,0.4712961,0.4576292,0.5756897,0.47724786,0.46647158,0.59948784,0.3601582,0.46246722,0.56323594,0.34319106,0.526461,0.640072,0.5666145,0.51602983,0.6028717,0.59480804,0.53911954,0.5641799,0.31285137,0.5390292,0.51150745,0.52035344,0.6551326,0.59136117,0.40404993,0.64943486,0.52488816,0.5493711
data\videos\no_fall\56.mp4,0.3669987,0.604313,0.5232418,0.3562082,0.6108171,0.4414832,0.35523564,0.60116506,0.5515798,0.35849318,0.6322529,0.5013647,0.35656865,0.61057885,0.336774945,0.4019489,0.66313165,0.649932,0.40144977,0.60060906,0.6105591,0.46133444,0.6621025,0.47876018,0.4542776,0.57544374,0.3955938,0.4735394533333333,0.6015837933333333,0.34270194666666665,0.4630886,0.56647396,0.3834171,0.52635753,0.6384439,0.53929645,0.51458573,0.6005977,0.566784,0.5438985266666666,0.5675163999999999,0.31239223666666666,0.542071,0.5122936,0.535055,0.6611334,0.59847933,0.5187727,0.64919806,0.52939373,0.56352127
data\videos\no_fall\56.mp4,0.36005974,0.6074225,0.47343642,0.3505281,0.6130792,0.5855441,0.35003346,0.60477805,0.5433964,0.35406697,0.63324326,0.65452933,0.3524959,0.6121991,0.31747314,0.40135616,0.66452783,0.69971716,0.40034765,0.6006863,0.6167698,0.46904632,0.66316295,0.5413765,0.4523825,0.57698596,0.33857396,0.48060732666666667,0.6036797466666667,0.32524569333333336,0.46486562,0.56870764,0.35533455,0.5238205,0.6402149,0.43200138,0.5152837,0.60074586,0.56191885,0.5486775133333334,0.5708529,0.31193310333333335,0.5432768,0.5110434,0.50054955,0.66199595,0.59893054,0.51507175,0.6509763,0.52738124,0.5655806
data\videos\no_fall\56.mp4,0.36045423,0.6133737,0.41907948,0.35082006,0.6212824,0.51331043,0.3500432,0.6080062,0.41714412,0.35439157,0.6396696,0.6226561,0.35322285,0.6115348,0.37643245,0.40446514,0.6665433,0.609257,0.400888,0.59560233,0.6154886,0.4762782,0.6651924,0.598848,0.45890847,0.57559645,0.30958036,0.4876752,0.6057757,0.30778944,0.4719503,0.568713,0.35461494,0.5242766,0.6378903,0.5181503,0.5114246,0.5939309,0.41477555,0.5534565,0.5741894,0.31147397,0.5423828,0.5115809,0.514081,0.65810937,0.5984615,0.46590173,0.6499441,0.5307206,0.500389
data\videos\no_fall\56.mp4,0.35905027,0.60827917,0.32447633,0.35267356,0.6165322,0.4988861,0.3512655,0.6073586,0.52922356,0.35514444,0.6395921,0.6339452,0.3527697,0.61512595,0.38911664,0.40610605,0.66632414,0.44351587,0.39912403,0.5969299,0.55376744,0.47701094,0.6632868,0.5223707,0.45066282,0.5688822,0.3834299,0.48608753,0.60477293,0.309546286,0.44295150666666666,0.5726093800000001,0.3721309466666667,0.51878107,0.6390379,0.4935184,0.50519407,0.59263337,0.56381696,0.5511879833333333,0.5704668333333333,0.3242573366666667,0.5377657,0.50974095,0.46671313,0.6572073350000001,0.5982023750000001,0.44052139,0.64937246,0.5270638,0.39676923
data\videos\no_fall\56.mp4,0.35796717,0.6122798,0.46285912,0.3497995,0.6209456,0.42622796,0.3477472,0.6078816,0.36037755,0.35386413,0.6414303,0.69224274,0.35027564,0.6167575,0.38717714,0.40613878,0.66897714,0.4768183,0.39722276,0.5988715,0.5313448,0.4750984,0.6652849,0.49732926,0.4389385,0.56177557,0.38506964,0.48449986,0.6037701600000001,0.31130313200000004,0.41395271333333333,0.57650576,0.3896469533333333,0.52137774,0.63894373,0.48527825,0.5088361,0.5917479,0.54671204,0.5489194666666667,0.5667442666666667,0.3370407033333333,0.53967047,0.508754,0.47971943,0.6563053,0.59794325,0.41514105,0.6488006,0.52810997,0.45296544
data\videos\no_fall\56.mp4,0.35846105,0.61585784,0.49082068,0.3496804,0.6207998,0.32453766,0.3475681,0.61176515,0.39676866,0.35547718,0.6450784,0.6766333,0.35110995,0.62003726,0.41755247,0.40648916,0.66808265,0.44274646,0.3970357,0.60072905,0.49636772,0.47322562,0.66421354,0.46274444,0.43522382,0.55938065,0.3892733,0.48291218999999996,0.60276739,0.313059978,0.38495392,0.58040214,0.40716296,0.5220998,0.6437876,0.5387323,0.5091682,0.5925571,0.3406122,0.54665095,0.5630217,0.34982407,0.5422048,0.5089041,0.44596675,0.65756845,0.59833753,0.45352885,0.6528124,0.5271604,0.43380138
data\videos\no_fall\56.mp4,0.35924345,0.6245212,0.43587402,0.35168588,0.6272579,0.49352202,0.35008195,0.6186263,0.534742,0.3556864,0.6465077,0.6379539,0.35240114,0.62116814,0.41701713,0.40564322,0.6715904,0.3888496,0.3949744,0.59926796,0.5039818,0.4772265,0.66582984,0.49644175,0.43823645,0.56070507,0.39128616,0.48132452,0.6017646200000001,0.314816824,0.39474658625000003,0.579816435,0.39918040875,0.5179623,0.6450843,0.544886,0.5077547,0.59753627,0.48158932,0.5451054571428571,0.5621200428571428,0.3459677642857143,0.5396775,0.5106541,0.45597515,0.65335,0.5990162,0.5160713,0.6476076,0.5291087,0.4539913
data\videos\no_fall\56.mp4,0.3609026,0.6222214,0.35384798,0.35402805,0.6323403,0.45300746,0.3514398,0.6210828,0.57352746,0.3573225,0.649652,0.57464623,0.35261855,0.6230774,0.44789812,0.40542057,0.67352813,0.44961813,0.3925853,0.5969946,0.47294968,0.47408947,0.6701451,0.52119625,0.4358374,0.5577853,0.378676,0.47973685,0.60076185,0.31657367000000003,0.4045392525,0.57923073,0.3911978575,0.5159891,0.64323825,0.5376611,0.5061001,0.5970075,0.5112772,0.5435599642857143,0.5612183857142857,0.34211145857142855,0.5379447,0.513855,0.48030916,0.6539048,0.60021585,0.4416751,0.6487552,0.53049576,0.41756347
data\videos\no_fall\56.mp4,0.3589718,0.62394905,0.46957725,0.34968805,0.6286109,0.5330459,0.3477966,0.619511,0.491791,0.35370865,0.6488891,0.5855626,0.34872657,0.62402797,0.43721235,0.40493736,0.67205393,0.41031456,0.39350557,0.6053506,0.4665267,0.4729625,0.6642399,0.4735276,0.44137886,0.56273586,0.39146882,0.47814918,0.59975908,0.318330516,0.41433191875,0.578645025,0.38321530625,0.5183032,0.6460457,0.56755555,0.50914097,0.5991703,0.5154308,0.5420144714285714,0.5603167285714286,0.33825515285714286,0.5398905,0.50986594,0.44687712,0.6584152,0.6026842,0.50313324,0.6509001,0.5307447,0.46105912
data\videos\no_fall\56.mp4,0.35936597,0.625461,0.4333603,0.35139716,0.6310873,0.47071213,0.34927088,0.62052953,0.5243285,0.35358974,0.6509183,0.47625875,0.3499813,0.6236052,0.4437476,0.40611866,0.67283434,0.44438082,0.39323667,0.60256183,0.47416657,0.47768936,0.6655733,0.4546795,0.44085023,0.5592259,0.35151312,0.47656151,0.5987563100000001,0.320087362,0.424124585,0.5780593199999999,0.375232755,0.5204013,0.64444715,0.5615338,0.5076545,0.5952694,0.32059038,0.5404689785714286,0.5594150714285714,0.3343988471428571,0.5402135,0.5101948,0.47871634,0.6555238,0.60056394,0.4773504,0.64997673,0.52989775,0.47013238
data\videos\no_fall\56.mp4,0.3591925,0.619072,0.4871493,0.3502753,0.62395185,0.4217541,0.3488083,0.6158092,0.4662205,0.35531664,0.6468724,0.6555493,0.35135362,0.62526715,0.37819904,0.40577278,0.67036384,0.3634949,0.3979308,0.60617495,0.5142205,0.47673178,0.6695119,0.43446106,0.43713716,0.55989504,0.37396482,0.47497384,0.59775354,0.32184420799999996,0.43391725125,0.5774736149999999,0.36725020375,0.5228217,0.6401022,0.5302583,0.5104062,0.59474534,0.37443355,0.5389234857142857,0.5585134142857142,0.3305425414285714,0.5403198,0.509312,0.47767454,0.6561446,0.60060906,0.47250068,0.6494723,0.5269219,0.5524782
data\videos\no_fall\56.mp4,0.3592177,0.6177738,0.46842554,0.35092822,0.62551624,0.40759987,0.34957343,0.6158804,0.4718121,0.353634,0.6426119,0.6241622,0.3522015,0.6283411,0.3307003,0.4060479,0.6685969,0.3323415,0.39982215,0.6061318,0.4841432,0.47789663,0.6629008,0.44381383,0.45453036,0.5747354,0.33960602,0.47338617,0.5967507700000001,0.323601054,0.4437099175,0.57688791,0.3592676525,0.52264154,0.64315623,0.5374408,0.50880533,0.59896463,0.3974943,0.5373779928571429,0.5576117571428572,0.3266862357142857,0.53685904,0.51054776,0.48489463,0.6573298,0.6021667,0.5169685,0.6503924,0.5275432,0.44609356
data\videos\no_fall\56.mp4,0.36179343,0.6204534,0.43961534,0.35333666,0.6247575,0.48023,0.3523068,0.6198667,0.4913137,0.35578316,0.63632524,0.48237932,0.35626462,0.63204986,0.32324904,0.40496656,0.659655,0.36336216,0.40339264,0.6220476,0.44231328,0.4748236,0.6530816,0.38163218,0.46036476,0.5917453,0.3316001,0.4717985,0.595748,0.3253579,0.45350258374999997,0.576302205,0.35128510125,0.520927,0.6402552,0.47410154,0.5113172,0.6143256,0.41789985,0.5358325,0.5567101,0.32282993,0.5358623,0.510463,0.48652953,0.6522522,0.5942327,0.45290166,0.6488396,0.5306083,0.4065402
data\videos\no_fall\56.mp4,0.3663253,0.624083,0.34865442,0.35671496,0.6316858,0.4709652,0.35669935,0.6198484,0.54367995,0.35788688,0.6463949,0.6283352,0.35878697,0.6186469,0.4686821,0.4032235,0.6726157,0.56464505,0.40175182,0.6006821,0.68583,0.47376615,0.65968794,0.5207606,0.46439037,0.5776053,0.46734115,0.4697633,0.61105615,0.38775796,0.46329525,0.5757165,0.34330255,0.532507,0.6507099,0.42297834,0.51978904,0.6071745,0.5728972,0.5396418,0.5590006,0.30251923,0.5370487,0.5115948,0.59524137,0.6510967,0.59270453,0.5741675,0.64893174,0.5264474,0.5246222
data\videos\no_fall\56.mp4,0.37379047,0.6213988,0.48152772,0.3648147,0.627599,0.5212248,0.3641081,0.6158846,0.5084559,0.3612846,0.6451264,0.5975807,0.3609484,0.61628145,0.3868394,0.4064187,0.6700587,0.39184725,0.40099418,0.6087853,0.5868639,0.47060296,0.66096514,0.4888898,0.45880377,0.57801026,0.49852693,0.46010476,0.6071774,0.45145354,0.45562905,0.57768714,0.40676165,0.52835375,0.6471982,0.5477977,0.51625115,0.6036569,0.5776584,0.5404118,0.56159157,0.31157738,0.53998387,0.5117254,0.5672275,0.6529319333333333,0.5938740866666666,0.5443298333333334,0.64943576,0.5269092,0.5235348
data\videos\no_fall\56.mp4,0.37560692,0.61266255,0.40020767,0.36619833,0.619258,0.5462451,0.365884,0.60907024,0.34565812,0.36047852,0.63522404,0.38671827,0.36257303,0.6153649,0.31855714,0.40497544,0.668891685,0.457947255,0.4027889,0.6057404,0.5929008,0.47369054,0.66446954,0.45286876,0.46012723,0.5784196,0.47348717,0.47279248,0.6026448,0.42804453,0.46616313,0.5687009,0.39972803,0.52822703,0.64228344,0.54668295,0.515124,0.60193765,0.56136096,0.5416046999999999,0.563017385,0.31210409,0.53859264,0.51165116,0.54738337,0.6547671666666667,0.5950436433333334,0.5144921666666666,0.6432787,0.52641904,0.47612172
data\videos\no_fall\56.mp4,0.3760267,0.61234695,0.4147721,0.36535132,0.61909103,0.5284426,0.3656359,0.6080044,0.47850752,0.3607445,0.63660705,0.4559014,0.36223124,0.61480985,0.31104842,0.40353218,0.66772467,0.52404726,0.40261403,0.61004436,0.621434,0.47083592,0.6618276,0.41924736,0.46026966,0.5842161,0.50381625,0.4765147,0.6000251,0.4613592,0.47108805,0.5710506,0.4447547,0.52992225,0.6503002,0.41224724,0.51757145,0.60617244,0.58840334,0.5427976,0.5644432,0.3126308,0.54263467,0.5114267,0.5528288,0.6566024,0.5962132,0.4846545,0.6501105,0.5295403,0.53070664
data\videos\no_fall\56.mp4,0.37519693,0.6088562,0.38419878,0.36551633,0.6156315,0.50416815,0.36580452,0.60584855,0.5111381,0.36015594,0.6343271,0.52384806,0.36188945,0.6142548,0.3035397,0.40252605,0.66576505,0.61658907,0.4007759,0.6115292,0.6506616,0.47301874,0.65893215,0.4214605,0.4623403,0.58489275,0.53064096,0.48400158,0.6033604,0.38858923,0.47951967,0.5682568,0.4840489,0.52960557,0.64338344,0.5687184,0.5200557,0.6036204,0.63648,0.5405926,0.5636701,0.33653814,0.5419554,0.5111954,0.56228495,0.6514302,0.5862676,0.39352462,0.6508297,0.52787954,0.56178
data\videos\no_fall\56.mp4,0.37286234,0.60906434,0.33187082,0.3637585,0.61533713,0.48498848,0.36401314,0.6050206,0.48172584,0.35957804,0.63301194,0.517925,0.36278851,0.61369275,0.33887428500000005,0.40270716,0.66491383,0.61587316,0.4017332,0.6102664,0.6529541,0.47386423,0.6606828,0.5690467,0.46492153,0.5803621,0.39605814,0.47966826,0.5992943,0.46117446,0.47994564,0.56892235,0.44559888999999997,0.52753305,0.64736205,0.5265299,0.51912946,0.6065004,0.60819256,0.5403688,0.5635599,0.37537017,0.5414472,0.51216626,0.5535382,0.65862703,0.5950583,0.42417908,0.653478,0.5295744,0.44883814
data\videos\no_fall\56.mp4,0.37451392,0.60770667,0.35241172,0.3651656,0.6147988,0.51402175,0.36566964,0.6048136,0.5472797,0.35992673,0.63270986,0.56291467,0.36368757,0.6131307,0.37420887,0.4019343,0.6646832,0.6536838,0.40109313,0.6097961,0.63051534,0.4755595,0.6588961,0.60062695,0.46340838,0.585267,0.5153307,0.48016182,0.5974793,0.44431013,0.48037161,0.5695878999999999,0.40714888,0.5258766,0.6460261,0.48310217,0.51666224,0.6044034,0.62180495,0.5387024,0.56527096,0.33193105,0.5415353,0.5112897,0.52413356,0.65598166,0.59268373,0.37580317,0.65172344,0.526372,0.6042149
data\videos\no_fall\56.mp4,0.37732902,0.6080487,0.46887922,0.3667539,0.6127373,0.41892865,0.3665895,0.60385007,0.53362703,0.35974354,0.6313296,0.55945754,0.36279085,0.61325204,0.34249133,0.4008649,0.6642136,0.6783628,0.3995577,0.60978127,0.6115694,0.4710295,0.6577695,0.5549664,0.46234402,0.5830929,0.55052984,0.48015702,0.5963132,0.40876114,0.48079758,0.5702534499999999,0.36869887,0.52535367,0.6445164,0.5881653,0.5145755,0.6028407,0.5794784,0.5413229,0.5633639,0.37437856,0.54195404,0.5110849,0.55720425,0.655552,0.59410167,0.35486284,0.64975935,0.52842945,0.4572356
data\videos\no_fall\56.mp4,0.38150623,0.60738045,0.49123853,0.3708692,0.61166507,0.32153413,0.37069535,0.60360956,0.5390572,0.3623778,0.6303182,0.65110695,0.36452138,0.6092556,0.30816287,0.4017835,0.6640779,0.66532576,0.40016273,0.61041546,0.62547755,0.4736692,0.6602934,0.39910975,0.46518752,0.5837399,0.5361158,0.48665944,0.6045047,0.41969606,0.48122355,0.570919,0.33024886,0.5279768,0.64552736,0.5441829,0.5180465,0.60405844,0.6062883,0.5451298,0.56284946,0.44551176,0.53963673,0.5174115,0.4831062,0.658341,0.59664625,0.41513374,0.653748,0.52986187,0.4649439
data\videos\no_fall\56.mp4,0.3800912,0.60575235,0.53238916,0.36817044,0.61036366,0.3479337,0.36881015,0.60177094,0.5826299,0.36132097,0.6297718,0.6417661,0.36506477,0.61189187,0.38869712,0.40164512,0.66340315,0.6683383,0.40271264,0.6093541,0.6171218,0.47455385,0.66390306,0.47840717,0.46556038,0.58588874,0.50582784,0.491514,0.60154855,0.44795606,0.48535827,0.56632346,0.42699736,0.53323364,0.64946455,0.5710631,0.5256509,0.60946286,0.4140529,0.5417034,0.5621622,0.33602086,0.54156196,0.514455,0.5611493,0.65712583,0.5985105,0.5336393,0.6515151,0.53244257,0.41000316
data\videos\no_fall\56.mp4,0.38032284,0.60567826,0.516896,0.3689009,0.6098987,0.32548738,0.36941504,0.6016031,0.53709435,0.3623095,0.62901044,0.67495656,0.36619744,0.6111788,0.3981167,0.40203306,0.6641014,0.6590113,0.40230158,0.60826534,0.6011069,0.47427353,0.6614896,0.44365576,0.4656285,0.58525485,0.5160736,0.48866752,0.6046231,0.42462295,0.48240325,0.5682732,0.43012866,0.5274086,0.6454215,0.52766705,0.518518,0.6054774,0.59955925,0.5397686,0.56525666,0.3271049,0.5425395,0.5149721,0.5697191,0.6570293,0.598087,0.5034338,0.65152967,0.5286932,0.5504807
data\videos\no_fall\56.mp4,0.37944674,0.60428697,0.5141692,0.36836523,0.6087281,0.46904865,0.36852846,0.60003555,0.5112432,0.36137608,0.6267411,0.61264545,0.36553475,0.6100203,0.40604976,0.40109888,0.6627748,0.6686419,0.40145895,0.6104491,0.5876752,0.47634736,0.66496503,0.4859382,0.4655208,0.5838632,0.49453264,0.48822695000000005,0.602873575,0.39135514,0.48409885,0.5688228,0.30235365,0.5263354,0.6482511,0.5093069,0.5201395,0.60703176,0.5078534,0.54246277,0.5652484,0.31975105,0.5441159,0.5131439,0.5320306,0.65596354,0.59522593,0.46947885,0.6489843,0.53040886,0.4316159
data\videos\no_fall\56.mp4,0.380276,0.604245,0.49270603,0.36902797,0.60940903,0.4228075,0.3693426,0.60018694,0.4766568,0.36209586,0.6269138,0.60529226,0.36632597,0.6088794,0.41044843,0.4029717,0.6630589,0.6436057,0.4025088,0.6082365,0.57929504,0.47800106,0.663651,0.475443,0.46811363,0.5797437,0.38079375,0.48778638,0.60112405,0.35808733,0.4827081,0.5658197,0.36818388,0.5272265,0.6424303,0.49383232,0.51828396,0.60492533,0.56424725,0.54223955,0.5638113,0.32922944,0.5435261,0.51283514,0.5202527,0.6562545,0.59349346,0.45271197,0.6481592,0.5275077,0.47418803
data\videos\no_fall\56.mp4,0.37866443,0.6044037,0.4843929,0.36599168,0.6101086,0.33546698,0.36765575,0.6008492,0.53079724,0.3591712,0.6278262,0.5626199,0.36463678,0.60734946,0.4760151,0.40154648,0.6647797,0.69857454,0.40492898,0.6049517,0.41186187,0.47811186,0.6659627,0.516986,0.4682915,0.58199006,0.41872242,0.49667898,0.60061765,0.41474026,0.49509767,0.56463104,0.38995248,0.53338337,0.6566262,0.53329813,0.52473813,0.6122647,0.59064436,0.543808,0.5722559,0.34359255,0.54130197,0.5149986,0.5819231,0.6560505,0.5994233,0.46641707,0.64884156,0.53042114,0.4467763
data\videos\no_fall\56.mp4,0.3793835,0.60402375,0.48029074,0.36787596,0.6098334,0.45424742,0.36832654,0.5998772,0.47875032,0.36151913,0.6269667,0.5878109,0.3660136,0.6073737,0.41247383,0.4033875,0.66368747,0.6364934,0.4032131,0.60754544,0.56081986,0.47798502,0.6666598,0.4712826,0.46680835,0.58431107,0.35519165,0.4918974,0.60310656,0.4491541,0.48556647,0.56950676,0.41101518,0.53149235,0.64993376,0.42102307,0.5226049,0.60824823,0.5249092,0.5418619,0.5646138,0.3158714,0.5411613,0.51715857,0.55388755,0.65652364,0.5990147,0.4590796,0.6492853,0.53144586,0.41447073
data\videos\no_fall\56.mp4,0.37942564,0.6026971,0.48522437,0.36765715,0.60824335,0.4664881,0.36819357,0.5989794,0.469305,0.36032876,0.6251301,0.53565013,0.36537984,0.6074667,0.45233878,0.40183863,0.66296446,0.69412625,0.40237233,0.6077939,0.5816221,0.47676536,0.66418356,0.46881735,0.46896553,0.58334726,0.39000487,0.4893146,0.60132414,0.43473446,0.4844634,0.567655,0.41792724,0.5281761,0.6496119,0.37029085,0.5196334,0.60802186,0.52538764,0.5427731,0.5686189,0.31277988,0.5414795,0.5161667,0.5672676,0.6553072,0.59993595,0.49812153,0.6513367,0.5308257,0.48137632
data\videos\no_fall\56.mp4,0.3788958,0.60277575,0.47940606,0.36672348,0.6079741,0.474535,0.36773902,0.59827274,0.44546592,0.35888526,0.6244531,0.4977694,0.36511824,0.6053069,0.4468489,0.4000685,0.663161,0.73411804,0.40274873,0.60919553,0.5871412,0.47304004,0.6615747,0.45724636,0.46706057,0.58621556,0.36350298,0.49223983,0.5985427,0.4389732,0.4852032,0.5672818,0.4109469,0.52674836,0.65425277,0.4314172,0.51875466,0.61052626,0.5663357,0.5436843,0.572624,0.30968836,0.5420956,0.51426154,0.57097125,0.6597054,0.6004942,0.5581331,0.6541576,0.52867293,0.5977306
data\videos\no_fall\56.mp4,0.382678,0.60293645,0.49040118,0.36986455,0.60853416,0.44275096,0.37135687,0.59798175,0.40013164,0.36142215,0.62449324,0.5597054,0.36831564,0.6029109,0.41254354,0.40081513,0.6636087,0.68983877,0.40654233,0.605109,0.4215449,0.47329947,0.66519773,0.4778624,0.46657214,0.5845308,0.36419412,0.49091664,0.60344696,0.44741142,0.48444515,0.56958836,0.44087332,0.5274007,0.6499835,0.34159607,0.5196639,0.60874605,0.5202844,0.54378897,0.57291836,0.31026924,0.5423561,0.51411664,0.5491689,0.65875095,0.59904903,0.4439207,0.6533656,0.5274951,0.55907273
data\videos\no_fall\56.mp4,0.37956443,0.5997558,0.48381707,0.36836705,0.6045956,0.51291025,0.36928526,0.59559244,0.3682425,0.35941952,0.62085915,0.45633656,0.36498612,0.60427004,0.42725664,0.39936954,0.661848,0.7497154,0.40315038,0.607384,0.53390455,0.47337377,0.6626897,0.5420706,0.46710297,0.58337325,0.3819814,0.48799375,0.6022969,0.43662152,0.48026052,0.56987643,0.42813563,0.5268701,0.64951605,0.3645569,0.5201079,0.60937184,0.5408188,0.5434764270000001,0.572974534,0.310899961,0.54181516,0.51415306,0.5367097,0.65568197,0.59441054,0.4848197,0.64938205,0.52836823,0.56475353
data\videos\no_fall\56.mp4,0.38112912,0.60008806,0.49278095,0.36893052,0.6048951,0.52769893,0.37008637,0.5954028,0.35905126,0.36022756,0.6215582,0.4717186,0.36646467,0.6037478,0.39765722,0.40050048,0.6621926,0.7197824,0.4027087,0.6085898,0.5450487,0.47536314,0.66209483,0.54848576,0.4671355,0.5877177,0.48861793,0.49062243,0.5999643,0.44944468,0.48254764,0.56989944,0.421279,0.5269164,0.64855397,0.5743787,0.5177856,0.6076691,0.5096127,0.543163884,0.573030708,0.311530682,0.54203117,0.51338667,0.5110731,0.6482108,0.58752394,0.38434407,0.64668673,0.52792406,0.5316357
data\videos\no_fall\56.mp4,0.38220134,0.60096705,0.5158534,0.36972028,0.605843,0.5122758,0.3712721,0.595968,0.3651774,0.36157608,0.6221013,0.45613873,0.36867663,0.6027251,0.38074723,0.40174425,0.66330934,0.6902542,0.4077415,0.6069467,0.4083034,0.47409168,0.6672874,0.4533339,0.47009268,0.5851096,0.38832644,0.49179673,0.6028972,0.45937294,0.48379958,0.5694155,0.41898045,0.52873045,0.65030456,0.39100114,0.5210743,0.60920167,0.5495162,0.542851341,0.573086882,0.312161403,0.54101205,0.51439553,0.5359091,0.65541863,0.59648764,0.45371193,0.64673865,0.5279489,0.5622823
data\videos\no_fall\56.mp4,0.38040048,0.60074764,0.49162498,0.368185,0.60637075,0.49716255,0.36961892,0.59577274,0.34848157,0.3604152,0.6222514,0.45746,0.36769158,0.60096323,0.36166742,0.40187913,0.6635171,0.6984216,0.4065893,0.60629874,0.41666815,0.47471684,0.6691202,0.5081735,0.46674058,0.5840538,0.35951275,0.49359804,0.6009324,0.43154052,0.48478562,0.56652844,0.42623705,0.5268461,0.6499917,0.35014105,0.51749694,0.6097402,0.5286801,0.542538798,0.573143056,0.312792124,0.541492,0.51242954,0.53608906,0.6597202,0.5986905,0.43471864,0.65234923,0.52761483,0.57063997
data\videos\no_fall\56.mp4,0.3831886,0.60187185,0.49970785,0.37031543,0.60682744,0.4734757,0.37212703,0.59649926,0.36331043,0.36191562,0.6222064,0.44455057,0.3692296,0.60074455,0.37996912,0.40228626,0.6625311,0.6938317,0.40701327,0.60715425,0.4176419,0.47518072,0.6661183,0.4432178,0.46829757,0.5871913,0.38171756,0.49113366,0.60162127,0.4298108,0.48670846,0.5703969,0.34967017,0.5317496,0.6531997,0.46822363,0.5229349,0.6107407,0.5659796,0.5422262550000001,0.57319923,0.313422845,0.5424231,0.5154479,0.5226179,0.65840924,0.5976677,0.5103768,0.6511636,0.5295259,0.5366014
data\videos\no_fall\56.mp4,0.38219175,0.60113597,0.49133345,0.36930647,0.60648394,0.5032821,0.3715368,0.5957777,0.3545699,0.36101612,0.622387,0.42820588,0.36852333,0.59975666,0.35759494,0.40031895,0.662237,0.7187618,0.40721175,0.6049428,0.43938375,0.47117004,0.66436833,0.42502093,0.46650428,0.58620656,0.38965455,0.49066204,0.6021949,0.41657177,0.48502013,0.5677635,0.42167482,0.5288484,0.6510516,0.40742195,0.522226,0.6108966,0.56874764,0.541913712,0.573255404,0.314053566,0.5387763,0.5174896,0.4372014,0.6559337,0.59828544,0.5245106,0.6505514,0.53104126,0.48969895
data\videos\no_fall\56.mp4,0.38342825,0.5999541,0.49284023,0.37058648,0.6050719,0.48887092,0.37250134,0.5929174,0.4429922,0.36259007,0.62096363,0.38662383,0.37018123,0.59902287,0.39409658,0.40048578,0.6617698,0.7189448,0.40675455,0.6044107,0.44048908,0.47313976,0.66361064,0.5437285,0.4675206,0.5844276,0.3959075,0.49090198,0.5997132,0.39357933,0.48638,0.56566226,0.40069202,0.527547,0.647776,0.54561514,0.5190111,0.6070182,0.48012415,0.541601169,0.573311578,0.314684287,0.54275703,0.51328945,0.52444077,0.6584512,0.5963526,0.5504221,0.65088856,0.52860296,0.57775426
data\videos\no_fall\56.mp4,0.3799172,0.6004801,0.4658677,0.3676997,0.6060632,0.5095678,0.37003157,0.595528,0.3578661,0.36066216,0.6222022,0.44047332,0.36832935,0.6006316,0.38355958,0.40158927,0.6624874,0.69171166,0.40727758,0.60440946,0.43031174,0.47699833,0.6643879,0.57176983,0.46842638,0.5851569,0.38271603,0.49464872,0.59926605,0.42652103,0.4913213,0.56614953,0.40191993,0.5260854,0.6511321,0.37264103,0.5187791,0.61145085,0.56216115,0.541288626,0.573367752,0.315315008,0.54232985,0.512743,0.49772725,0.65825415,0.59980834,0.5022148,0.65100735,0.52956265,0.49525526
data\videos\no_fall\56.mp4,0.3818043,0.59974563,0.4898999,0.36864248,0.60540587,0.5271307,0.37110147,0.5923512,0.4929046,0.36106852,0.621429,0.38914147,0.36990196,0.5965884,0.35094035,0.3990972,0.6622062,0.75436926,0.40701988,0.6042373,0.45372462,0.47102356,0.66398376,0.57116747,0.46805802,0.5908699,0.32401672,0.49425957,0.60436237,0.41968092,0.4953996,0.5672691,0.40525278,0.5264875,0.6547825,0.5084726,0.5181933,0.61388445,0.58609056,0.5409760830000001,0.573423926,0.315945729,0.54146165,0.5180706,0.4949802,0.65999407,0.60387444,0.5604017,0.6555468,0.5335022,0.47409257
data\videos\no_fall\56.mp4,0.3812184,0.600749,0.4846882,0.3685818,0.6065184,0.5021224,0.371029,0.5952316,0.35500428,0.3608629,0.6227657,0.43872026,0.36944374,0.5981382,0.36833614,0.3987469,0.662002,0.75372857,0.40788907,0.6029171,0.4617454,0.46768242,0.6637952,0.42136815,0.46618107,0.5873957,0.38787118,0.49290293,0.60530484,0.42037165,0.49212316,0.56627667,0.37993735,0.52547807,0.65411633,0.4038513,0.51968837,0.6122195,0.5865266,0.54066354,0.5734801,0.31657645,0.5388573,0.5184043,0.48775634,0.66010106,0.60229665,0.57154286,0.6550399,0.5309259,0.5528418
data\videos\no_fall\56.mp4,0.38083845,0.60045105,0.47935024,0.36806506,0.6056971,0.5039635,0.37012252,0.5925191,0.49558803,0.35998183,0.62172896,0.40300006,0.36905447,0.5973681,0.34995598,0.3986786,0.66312873,0.7582381,0.40620497,0.6038104,0.43425632,0.4697189,0.6685011,0.4784261,0.46537977,0.58785236,0.36734954,0.49447113,0.6051508,0.43325102,0.49207336,0.5686177,0.44933668,0.52767885,0.6500186,0.37159932,0.5212753,0.60932153,0.53924274,0.54099405,0.5669972,0.33025518,0.54044884,0.5173291,0.4931823,0.65824133,0.59986466,0.55773306,0.65336204,0.52949566,0.5628054
data\videos\no_fall\56.mp4,0.37971383,0.59916556,0.4914084,0.36752787,0.6045617,0.53051794,0.369509,0.592622,0.50032675,0.36044207,0.62130404,0.38216522,0.36855102,0.5989321,0.36073095,0.3994414,0.662739,0.74537516,0.4064092,0.6061819,0.44110546,0.47215724,0.66368675,0.53648114,0.47002745,0.5891978,0.36117628,0.492772,0.59676856,0.414211,0.48578632,0.56792593,0.40116733,0.5256531,0.64863396,0.54820037,0.51917833,0.6093293,0.51166725,0.5378553,0.5654646,0.31481975,0.5376625,0.51600295,0.42621198,0.6547907,0.59777063,0.5452839,0.6472801,0.5263381,0.5655663
data\videos\no_fall\56.mp4,0.37928507,0.60141367,0.4714129,0.3669587,0.6072758,0.4579189,0.36921558,0.5965781,0.38896698,0.35907143,0.6228586,0.44023922,0.3672944,0.60043234,0.42311692,0.39558265,0.66139024,0.74760723,0.40435284,0.60478675,0.4478392,0.4672024,0.66207844,0.5422988,0.46802706,0.5919873,0.44909814,0.49704474,0.5969415,0.43951035,0.49594352,0.56370443,0.36244023,0.5264128,0.6581777,0.4828385,0.52060294,0.61440825,0.6345569,0.54153436,0.5647322,0.41698304,0.54189533,0.5141689,0.50170404,0.6553509,0.593541,0.5672561,0.6549925,0.5275841,0.6307142
data\videos\no_fall\56.mp4,0.38182136,0.5999621,0.48213345,0.3690188,0.6055159,0.48097014,0.37048748,0.5925665,0.46486157,0.36092064,0.62064457,0.39322597,0.36898583,0.5993283,0.3627344,0.39894834,0.66211116,0.7630863,0.40572956,0.6051492,0.4407854,0.46978888,0.6657175,0.4636075,0.4661025,0.59027845,0.44895157,0.4934285,0.5998889,0.43772185,0.4899736,0.56560355,0.43199128,0.5275365,0.6500492,0.37074012,0.5212734,0.60797334,0.5274464,0.5429275,0.56393254,0.3715793,0.54111004,0.5176862,0.49200925,0.6603209,0.5979395,0.59976643,0.65291566,0.5287378,0.41186827
data\videos\no_fall\56.mp4,0.38021174,0.60150516,0.5299792,0.36661363,0.607808,0.51903236,0.3695682,0.59587884,0.41137123,0.35916156,0.62344915,0.43823427,0.368187,0.5971567,0.3542529,0.3982756,0.662626,0.7584636,0.40730935,0.6001147,0.48826802,0.46708325,0.6667408,0.44953445,0.46691453,0.58623755,0.39772698,0.49372306499999996,0.60284822,0.451171755,0.49617022,0.56981623,0.38074118,0.52945065,0.65281504,0.45571345,0.5240335,0.6114931,0.6197908,0.53957707,0.5668836,0.34695932,0.5394478,0.51886386,0.51234215,0.6606264,0.60135627,0.58951056,0.6578763,0.5339882,0.45537576
data\videos\no_fall\56.mp4,0.38149622,0.59991586,0.52186215,0.36808193,0.60586405,0.5211893,0.3702883,0.5930699,0.48699924,0.35985997,0.62191445,0.41786847,0.36836788,0.5974577,0.3329185,0.39925522,0.66218174,0.75009644,0.40621,0.60024816,0.45390564,0.46859047,0.6654318,0.47596356,0.46610865,0.5853799,0.37191784,0.49401763,0.60580754,0.46462166,0.4901987,0.5679314,0.47295916,0.52617836,0.64961123,0.3583362,0.52065355,0.6079123,0.53739154,0.5405303,0.565705,0.35042682,0.5394502,0.5159914,0.4567604,0.65447515,0.59097797,0.36024752,0.6535716,0.52860385,0.5973804
data\videos\no_fall\56.mp4,0.38250875,0.60148346,0.5199827,0.369573,0.6069821,0.4931063,0.3722653,0.595463,0.3599826,0.36047012,0.62267935,0.43346485,0.36926758,0.59789765,0.35644788,0.39884898,0.66231304,0.7530093,0.4058296,0.6033131,0.4308009,0.46720222,0.6673068,0.45503333,0.4665071,0.58778405,0.35100377,0.49342695,0.611116,0.34766322,0.49051124,0.5723351,0.43358245,0.52548873,0.65152913,0.37212715,0.51980543,0.6108896,0.566262,0.5426851,0.56499326,0.37665528,0.54007816,0.51680964,0.47631115,0.65949035,0.5986052,0.37344652,0.6527639,0.53193045,0.4454509
data\videos\no_fall\56.mp4,0.38152748,0.60173863,0.50920665,0.36831546,0.6076342,0.49020195,0.37105167,0.5960621,0.36654407,0.35966012,0.6236793,0.44934547,0.3688487,0.5988285,0.33707473,0.3995668,0.663796,0.7321203,0.40680367,0.6041771,0.44737408,0.4695657,0.6705388,0.50864935,0.4667105,0.5880793,0.3612241,0.49439192,0.61058086,0.33502737,0.49302405,0.5708994,0.41791424,0.5265349,0.6552159,0.43206328,0.5208476,0.6147773,0.57269776,0.5402152,0.5671961,0.32967776,0.54303527,0.5150121,0.57020795,0.65692,0.59774774,0.49502042,0.6522081,0.5336422,0.45080853
data\videos\no_fall\56.mp4,0.38168246,0.60088634,0.4837152,0.36863908,0.60658056,0.4675983,0.37089908,0.5933388,0.4606853,0.3594493,0.6221879,0.41414866,0.36819834,0.59713686,0.3204562,0.39871997,0.6631542,0.74483275,0.4063029,0.6021705,0.43927136,0.46890232,0.6672393,0.46531627,0.46708512,0.58663374,0.3799242,0.49389789,0.60898274,0.43104634,0.48992729,0.572056965,0.38860181,0.5254737,0.65486515,0.40340185,0.5204428,0.61364466,0.5763323,0.53939503,0.5691147,0.30614316,0.5422368,0.5137315,0.5607637,0.6572128,0.5970482,0.3868576,0.6519079,0.5292353,0.5197933
data\videos\no_fall\56.mp4,0.38291872,0.6016734,0.5130923,0.36959904,0.6069431,0.48553264,0.37203988,0.595726,0.34366354,0.36122188,0.6227141,0.41395685,0.3695227,0.5983641,0.34199545,0.3999939,0.66262305,0.72824514,0.406833,0.6054961,0.44343403,0.4711215,0.6668755,0.44615382,0.46639052,0.58946896,0.359855,0.48920348,0.60757923,0.39821732,0.48683053,0.57321453,0.35928938,0.52617383,0.65017873,0.538298,0.51795864,0.6101383,0.54823446,0.5393517649999999,0.5686579700000001,0.30462864,0.5426154,0.5143868,0.5898898,0.65812,0.5973649,0.5144909,0.6510166,0.52971154,0.59363735
data\videos\no_fall\56.mp4,0.38299143,0.6007681,0.5088663,0.3697537,0.60547036,0.5056788,0.37162748,0.59293646,0.456506,0.3612537,0.6221238,0.3718354,0.3692252,0.5992179,0.33466703,0.40074033,0.66315025,0.7076967,0.4084935,0.60500187,0.45277053,0.47235915,0.665603,0.46879724,0.4688707,0.58492064,0.38507804,0.48673165,0.6069425,0.40075833,0.4828731,0.5695643,0.40946442,0.52498806,0.64681756,0.5929443,0.51873344,0.6068065,0.5088688,0.5393085,0.56820124,0.30311412,0.53863484,0.5158592,0.41956198,0.6588592,0.6005772,0.51889247,0.6526342,0.53067017,0.5177568
data\videos\no_fall\56.mp4,0.38329995,0.6003654,0.51179606,0.3702269,0.6047642,0.4997825,0.37156594,0.5923017,0.43672338,0.36153093,0.6208782,0.3695416,0.36913618,0.59930736,0.3344422,0.39965627,0.6619628,0.74260175,0.40667376,0.60847175,0.4142809,0.46930775,0.6618659,0.4243483,0.4656054,0.58920604,0.3398943,0.48866907,0.6013924,0.4391555,0.48672217,0.5697423,0.33139446,0.5269121,0.64882535,0.32726532,0.5201724,0.6095335,0.54614913,0.5432379,0.56281036,0.3190625,0.5410012,0.51566774,0.43425876,0.6639408,0.60034084,0.6201973,0.6537885,0.5278268,0.56396234
data\videos\no_fall\56.mp4,0.38368553,0.6001821,0.51066804,0.3705049,0.6046601,0.47724637,0.37167034,0.5928281,0.44828394,0.36187896,0.62065744,0.40983278,0.3688148,0.60137874,0.37394062,0.3999305,0.6612174,0.7446798,0.40508747,0.6077486,0.3973809,0.47272223,0.66302073,0.527267,0.46723878,0.58713007,0.35599178,0.48977017,0.59834075,0.40940115,0.4871665,0.5671658,0.31526366,0.52592415,0.6445939,0.5893527,0.5151472,0.6057768,0.5812644,0.54201263,0.5633331,0.3212888,0.5405716,0.51337814,0.4278946,0.6568544,0.58923316,0.40609273,0.64887255,0.5283765,0.5838197
data\videos\no_fall\56.mp4,0.37784404,0.59740293,0.4852551,0.36565772,0.6032156,0.5919162,0.3673343,0.5906173,0.5802536,0.3574774,0.62061566,0.33936742,0.3656211,0.59856176,0.30524182,0.3985538,0.6626779,0.7521657,0.40544647,0.60630125,0.40541196,0.46988666,0.6653142,0.47272512,0.4673929,0.5845162,0.41866955,0.49258387,0.6002523,0.4459186,0.48915833,0.56599766,0.40068692,0.52649724,0.651569,0.40211406,0.52197605,0.6111862,0.5949125,0.5387806,0.564742,0.3105128,0.5390843,0.5149496,0.38508523,0.6576906,0.5973909,0.4937843,0.65234715,0.5286775,0.5115148
data\videos\no_fall\56.mp4,0.38045123,0.59842557,0.48023394,0.367588,0.6037704,0.5833646,0.36992642,0.5908501,0.5517559,0.3602594,0.6220355,0.48150232,0.366965015,0.5975140000000001,0.31772518,0.3994959,0.66235745,0.7425823,0.40747964,0.60503024,0.43588093,0.46887225,0.66853654,0.44623417,0.46637928,0.58772594,0.3558737,0.48966974,0.60523355,0.41870058,0.48750818,0.57137185,0.32804263,0.5230822,0.6521795,0.3559127,0.5191596,0.61148345,0.57727623,0.540106,0.5651296,0.31094876,0.5422306,0.51291287,0.54769325,0.6568407,0.59768105,0.31769723,0.6537318,0.53151673,0.39272916
data\videos\no_fall\56.mp4,0.3811779,0.6005499,0.5065141,0.36755452,0.6056815,0.54732805,0.3700092,0.5926166,0.50862527,0.35931504,0.6219433,0.3791658,0.36830893,0.59646624,0.33020854,0.39928,0.6623368,0.7375397,0.40614343,0.6027787,0.42445228,0.46850702,0.667229,0.43445638,0.46328917,0.58912396,0.4379984,0.49010764,0.607629175,0.36586978000000003,0.48785812,0.5724866,0.39256522,0.5228679,0.6524486,0.35884848,0.5165949,0.610695,0.56733745,0.5406089333333333,0.5647416,0.3221874533333333,0.5434982,0.5133961,0.57119703,0.65918654,0.6016028,0.47518447,0.6542451,0.53109616,0.52298117
data\videos\no_fall\56.mp4,0.38115886,0.5997239,0.48749867,0.3679027,0.6047785,0.5497352,0.36980787,0.5912599,0.54272175,0.358595,0.62078327,0.34462744,0.36830164499999996,0.596877455,0.32168354,0.39879903,0.66336954,0.75686544,0.40507886,0.60530955,0.4003478,0.46769673,0.6693642,0.3943089,0.46490175,0.5881733,0.34617198,0.49054554,0.6100248,0.31303898,0.4877651,0.5725498,0.377134,0.52472854,0.6508771,0.5521076,0.5182911,0.6093548,0.5425585,0.5411118666666667,0.5643536,0.33342614666666665,0.5439476,0.51258606,0.5561587,0.6547949,0.59949595,0.32520184,0.6529475,0.5289803,0.49296927
data\videos\no_fall\56.mp4,0.38154197,0.5988022,0.46982196,0.36895725,0.60374856,0.47612536,0.37095764,0.59112465,0.5487786,0.36086297,0.6221423,0.48446795,0.36829436,0.59728867,0.31315854,0.39799777,0.66293037,0.7515459,0.4052893,0.604228,0.42262763,0.46800435,0.66779274,0.46169662,0.4667522,0.58691984,0.36346486,0.4896313,0.60625875,0.44641334,0.48774663,0.5726392,0.37307963,0.5247308,0.65047663,0.4727402,0.5165708,0.609056,0.5333935,0.5416148,0.5639656,0.34466484,0.5437467,0.511472,0.53364193,0.65352935,0.5942555,0.38433006,0.6512192,0.528608,0.48261017
data\videos\no_fall\56.mp4,0.37982643,0.59810203,0.45156994,0.36768746,0.60354155,0.5025009,0.369079,0.59044564,0.567303,0.36110035,0.6217379,0.49236253,0.368320645,0.597231,0.32032521,0.39850953,0.6608182,0.75126183,0.40529266,0.6058112,0.41290072,0.46791998,0.6691883,0.4334974,0.4637813,0.5932542,0.43094486,0.48925683,0.60623384,0.44382462,0.48689362,0.57404464,0.39522713,0.5241249,0.65265906,0.4953748,0.5152058,0.611318,0.5504253,0.54327035,0.5652878,0.34770426,0.5437089,0.5142314,0.56061804,0.66103977,0.59794563,0.60366315,0.6538805,0.5285854,0.5341531
data\videos\no_fall\56.mp4,0.37991858,0.60099417,0.47828406,0.36717466,0.6064637,0.4970187,0.3691735,0.59340316,0.49833474,0.35970533,0.6216011,0.36956328,0.36834693,0.59717333,0.32749188,0.3987613,0.66080755,0.7518921,0.40640834,0.6029566,0.45293194,0.47057855,0.6656599,0.46923262,0.46590975,0.5874532,0.34206146,0.48682624,0.60787064,0.39043164,0.4845174,0.5742452,0.37150753,0.5240497,0.64684236,0.58196723,0.5176167,0.6078327,0.5062336,0.5436017,0.5738719,0.31576684,0.54431576,0.51150995,0.51807034,0.65979922,0.598893345,0.473075825,0.6510929,0.5257696,0.57458115
data\videos\no_fall\56.mp4,0.38183054,0.6002453,0.49751535,0.36848703,0.6052355,0.5302692,0.37050653,0.59197503,0.5221473,0.3597836,0.62122905,0.3476129,0.368235945,0.5971344649999999,0.32737724,0.39948985,0.6628734,0.73220944,0.40697238,0.6055567,0.44096142,0.47037375,0.66762286,0.477412,0.46573064,0.5895711,0.3376326,0.48942146,0.60615116,0.41798696,0.48594877,0.57350343,0.37557852,0.5241367,0.64914984,0.5796316,0.5168574,0.60913455,0.5358454,0.54298836,0.5665877,0.31194746,0.54375875,0.5120697,0.5195129,0.65855867,0.59984106,0.3424885,0.6532572,0.5276125,0.51697564
data\videos\no_fall\56.mp4,0.37922254,0.60155815,0.49069992,0.36651593,0.60729563,0.49455485,0.36892223,0.5957378,0.36470994,0.35895503,0.62278515,0.41008097,0.36812496,0.5970956,0.3272626,0.39819103,0.6624161,0.7562167,0.40681332,0.6047161,0.46135956,0.46763128,0.66575587,0.45690468,0.4665901,0.5871718,0.38385987,0.48858014,0.60700345,0.44780716,0.48745668,0.57280403,0.3662848,0.5251751,0.65303254,0.50956714,0.51654446,0.61210686,0.5940466,0.54056066,0.5668828,0.33950907,0.5390754,0.5181087,0.4669469,0.661657,0.601184,0.55706793,0.6561952,0.52908856,0.5007167
data\videos\no_fall\56.mp4,0.38116825,0.6012319,0.49273098,0.36802235,0.60689473,0.49380597,0.37053514,0.59521765,0.35237712,0.36027166,0.62191147,0.37921357,0.3686751,0.59614325,0.32467654,0.3987976,0.6609727,0.7582376,0.40670618,0.60408294,0.46545622,0.46793368,0.6644941,0.41149417,0.4670455,0.5903286,0.36996046,0.4873516,0.60783994,0.39829433,0.4855522,0.5745309,0.403405,0.52362067,0.6485114,0.5830256,0.5169103,0.60869455,0.52802753,0.5405038,0.5663478,0.32353768,0.5378892,0.5175301,0.47570553,0.6570524,0.5974289,0.35556534,0.6508158,0.52937347,0.5802022
data\videos\no_fall\56.mp4,0.38340136,0.60086954,0.4982782,0.37004772,0.60634315,0.46677187,0.37216988,0.5930022,0.4400796,0.3607911,0.6213746,0.39589244,0.36950517,0.5973584,0.34721234,0.39848647,0.6624238,0.7672546,0.4068761,0.6051116,0.45226437,0.46826556,0.66614544,0.44240496,0.46379268,0.59208345,0.4702653,0.48966074,0.60298306,0.39387676,0.48764884,0.56926304,0.36654004,0.52342105,0.65192264,0.36232236,0.5174056,0.6117811,0.58660614,0.54176927,0.56413215,0.35967448,0.5433228,0.51392776,0.5572746,0.66019964,0.6020965,0.54887974,0.6544529,0.5285201,0.5998097
data\videos\no_fall\56.mp4,0.38301748,0.59933174,0.49194416,0.3693448,0.60433334,0.4969562,0.3711311,0.59112793,0.49469587,0.36081594,0.620543,0.35077196,0.36920446,0.5969399,0.30908436,0.39987147,0.66312724,0.737864,0.40723792,0.60699695,0.43085402,0.47034726,0.6661156,0.46528885,0.46784955,0.5896464,0.35922176,0.49014124,0.5992796,0.3858954,0.4841627,0.5704887,0.4316738,0.52429616,0.6504087,0.33553064,0.5184261,0.6092827,0.5305954,0.54290164,0.56305116,0.32936957,0.54377204,0.50998235,0.52135944,0.6606094,0.60038954,0.58018553,0.65202427,0.5307577,0.5013764
data\videos\no_fall\56.mp4,0.38174197,0.5997428,0.4789193,0.36820295,0.60472804,0.5095644,0.3701498,0.59095776,0.5305052,0.35920548,0.6212303,0.38560805,0.36873695,0.5971292500000001,0.312703405,0.3998522,0.6630785,0.7267301,0.40691778,0.60575664,0.43836755,0.4678757,0.6647827,0.39079592,0.46372437,0.5906519,0.35392168,0.49096057,0.60176706,0.41017863,0.48892722,0.5706243,0.35397118,0.5246558,0.6511126,0.3586972,0.518696,0.60905844,0.53943133,0.54507965,0.5622359,0.36934155,0.54456884,0.51224345,0.544814,0.6605836,0.59983027,0.39948916,0.6524002,0.52983665,0.5015168
data\videos\no_fall\56.mp4,0.3821668,0.601075,0.47100264,0.36867902,0.6058419,0.48584822,0.37042606,0.59250736,0.47289437,0.35977733,0.62196213,0.40085253,0.36826944,0.5973186,0.31632245,0.39835352,0.6631834,0.7543564,0.4062503,0.6061651,0.42039424,0.467612,0.6652886,0.4197984,0.46544385,0.59033215,0.36070046,0.48880705,0.6043039,0.39446256,0.486662,0.5737825,0.37846035,0.523159,0.6521501,0.35635749,0.51805013,0.60944754,0.54763556,0.5407881,0.564231,0.33969206,0.53923815,0.5176393,0.45526347,0.66113335,0.602541,0.5598531,0.6552066,0.5308307,0.4904547
data\videos\no_fall\56.mp4,0.37972856,0.60103613,0.469529,0.36712232,0.60617983,0.48419788,0.36872184,0.59312904,0.47470015,0.36013207,0.6220327,0.44215107,0.36827832,0.5988814,0.36200556,0.39937717,0.6619684,0.7471043,0.40676674,0.60631114,0.43785298,0.46885017,0.6646564,0.45015413,0.4655427,0.5903671,0.3944157,0.48995608,0.607383,0.42970955,0.48798043,0.5741457,0.41332576,0.52459043,0.6551108,0.42397633,0.51794875,0.61164415,0.6009499,0.5436187,0.56480956,0.41105005,0.5396311,0.51901054,0.5248434,0.66460216,0.60242367,0.60099053,0.65628767,0.5309833,0.46255848
data\videos\no_fall\56.mp4,0.37913358,0.59903425,0.49701363,0.36593118,0.6044513,0.5483761,0.3678968,0.59153974,0.5578683,0.35901406,0.62151337,0.34741992,0.3686859,0.5986101500000001,0.355443195,0.3986535,0.66322774,0.7486032,0.40754738,0.60587144,0.45059395,0.46867257,0.66544956,0.45450625,0.46822602,0.59145415,0.37514722,0.489734,0.6068701,0.428394,0.48729536,0.5744194,0.38535392,0.52568835,0.65515614,0.4397985,0.5210813,0.61312294,0.6167311,0.5440861699999999,0.564229905,0.374813775,0.53726465,0.51934844,0.4959269,0.66334385,0.60196614,0.56881535,0.65441936,0.53157496,0.4789528
data\videos\no_fall\56.mp4,0.3821903,0.6021658,0.51405036,0.36866194,0.6074141,0.4900127,0.37111503,0.5959388,0.36994833,0.36031383,0.62327,0.43313822,0.36909348,0.5983389,0.34888083,0.40007693,0.66306156,0.71619755,0.4068941,0.6067939,0.42418376,0.4681372,0.6650879,0.4205772,0.46513093,0.59227103,0.33356348,0.4922543,0.602783,0.4286932,0.49002543,0.5719073,0.3541578,0.52561355,0.6513358,0.37411213,0.5179155,0.609425,0.5481378,0.54455364,0.56365025,0.3385775,0.54308254,0.5158033,0.5913428,0.6626258,0.60110027,0.5594926,0.65333027,0.5300033,0.53626615
data\videos\no_fall\56.mp4,0.37972322,0.6004773,0.47564512,0.36655515,0.60575116,0.5480032,0.36832577,0.5921038,0.49781707,0.35942888,0.6216314,0.38020155,0.36865306,0.5981508799999999,0.335838305,0.4009776,0.662452,0.71735704,0.40785295,0.60538214,0.45092615,0.46972096,0.6658357,0.43870983,0.46807975,0.58944076,0.3810435,0.49280837,0.60404295,0.47264406,0.4900462,0.5706921,0.43619683,0.5257424,0.6498441,0.34229705,0.51964206,0.6102643,0.55577755,0.54610956,0.56213105,0.34966233,0.5427693,0.5160702,0.4664227,0.6634236,0.60283303,0.50258535,0.6534435,0.5302471,0.5109941
data\videos\no_fall\56.mp4,0.38109457,0.6014098,0.49279624,0.36762202,0.60590035,0.49689916,0.36937568,0.59288454,0.44547507,0.35971472,0.6213277,0.3837287,0.36821264,0.59796286,0.32279578,0.40058944,0.66337377,0.7030167,0.40756047,0.60609084,0.42546585,0.4678317,0.66785634,0.43944448,0.46518418,0.5903564,0.37921092,0.49104062,0.6055784,0.39945123,0.48932722,0.57217926,0.38163495,0.5249029,0.65351164,0.41244417,0.51821965,0.6103275,0.5634068,0.5426662,0.5652332,0.3046692,0.5429214,0.5149168,0.57954323,0.6622395,0.5991531,0.5335283,0.6537211,0.5323218,0.4589148
data\videos\no_fall\56.mp4,0.37725642,0.5986777,0.48422712,0.3651482,0.60458046,0.54061955,0.36705455,0.591911,0.5152667,0.35870025,0.6215872,0.38443092,0.36679405,0.5997294,0.36984056,0.39762902,0.6614158,0.75773376,0.4050925,0.60414875,0.435919,0.4682301,0.66478884,0.46237627,0.4667797,0.5905882,0.32376808,0.49478552,0.60185987,0.44676557,0.49226943,0.56725883,0.42874774,0.5277064,0.65446156,0.4876309,0.5204095,0.61000663,0.60603726,0.5418303,0.5652407500000001,0.32946165,0.54197097,0.51979285,0.5420423,0.6600902,0.5985552,0.53900015,0.65393907,0.52844787,0.6447451
data\videos\no_fall\56.mp4,0.37730658,0.5985485,0.4934496,0.36506608,0.60464287,0.534115,0.36747104,0.5918089,0.5185655,0.35831255,0.6221177,0.34452614,0.36707774,0.5974951,0.304075,0.39791256,0.66161746,0.75582075,0.40744433,0.6037348,0.4678304,0.46790317,0.6680967,0.44445306,0.4690135,0.58619887,0.37095612,0.4891186,0.60518706,0.4102743,0.48864916,0.57004565,0.3313593,0.52739507,0.6549296,0.4344095,0.52218115,0.61203545,0.5776893,0.5409944,0.5652483,0.3542541,0.54007566,0.51992095,0.5002551,0.66026014,0.5988893,0.5329842,0.65290207,0.5317713,0.41096336
data\videos\no_fall\56.mp4,0.38134292,0.60143065,0.50124717,0.36779436,0.60637885,0.5320623,0.37041143,0.59532654,0.37385806,0.35997194,0.6229075,0.40758893,0.36844704,0.5982629,0.32499105,0.3982163,0.6622832,0.75710493,0.40666077,0.6031212,0.43572953,0.46789387,0.66713697,0.4171458,0.46658623,0.58853227,0.3408384,0.48982875142857146,0.6040842885714286,0.40679503142857143,0.49498087,0.5690572,0.38299206,0.5209609,0.6498116,0.58094233,0.5153,0.60716903,0.4638857,0.5410772714285714,0.5647854142857143,0.35307989714285715,0.5412626,0.5143622,0.51559854,0.6556364,0.5979672,0.38891017,0.649529,0.5307477,0.40447065
data\videos\no_fall\56.mp4,0.38116518,0.59882367,0.4938912,0.36829415,0.60266614,0.53440523,0.36965993,0.5907269,0.515934,0.36046803,0.62092704,0.48764637,0.36831049,0.5984929750000001,0.324774655,0.3988072,0.662505,0.7423264,0.40250856,0.6105455,0.5445531,0.46679756,0.66788995,0.40692982,0.46478108,0.59212995,0.416333,0.49053890285714286,0.6029815171428571,0.4033157628571428,0.49100518,0.56762236,0.38270128,0.5269705,0.65003514,0.35915625,0.51940775,0.6089831,0.503325,0.5411601428571429,0.5643225285714286,0.3519056942857143,0.5425308,0.5153301,0.52364194,0.6597498,0.59542066,0.34538937,0.64958227,0.528536,0.5363052
data\videos\no_fall\56.mp4,0.381917,0.59998864,0.5087737,0.36898556,0.6040639,0.5469628,0.37009612,0.5917857,0.4884482,0.3599242,0.6209923,0.36722973,0.36817394,0.59872305,0.32455826,0.39892378,0.66233903,0.7352636,0.40312696,0.60833985,0.528888,0.46939293,0.67053396,0.47678155,0.46549827,0.59221077,0.40909305,0.4912490542857143,0.6018787457142857,0.3998364942857143,0.49061418,0.57189834,0.3299067,0.5263931,0.64943904,0.5387923,0.5189039,0.6106898,0.52869487,0.5412430142857143,0.5638596428571429,0.3507314914285714,0.5428281,0.5150754,0.50319153,0.65776974,0.5968822,0.38500285,0.64834756,0.5291799,0.5030634
data\videos\no_fall\56.mp4,0.38112783,0.6003496,0.49960694,0.36845234,0.6046926,0.52717006,0.37041906,0.5918708,0.49147022,0.36082524,0.62279654,0.47903448,0.36803739,0.598953125,0.324341865,0.39986578,0.6623953,0.727361,0.40704674,0.60592043,0.40998867,0.47103047,0.66944635,0.47311723,0.46887586,0.5906356,0.34060735,0.4919592057142857,0.6007759742857143,0.3963572257142857,0.4867256,0.57554847,0.34882334,0.5268261,0.6455789,0.48989528,0.52211475,0.6093715,0.5245602,0.5413258857142856,0.5633967571428572,0.3495572885714286,0.5433192,0.51320946,0.51530445,0.65882564,0.59868056,0.46249822,0.6508146,0.5299967,0.5362339
data\videos\no_fall\56.mp4,0.3825539,0.60010535,0.5217583,0.37029517,0.60518837,0.5312383,0.3721878,0.5918426,0.48632595,0.36154374,0.62306887,0.37090024,0.36790084,0.5991832,0.32412547,0.4002622,0.6630041,0.6926052,0.40862972,0.6052204,0.4354096,0.47325322,0.6708511,0.5154859,0.46957842,0.5887046,0.34132475,0.49266935714285714,0.5996732028571429,0.39287795714285717,0.49045527,0.5693205,0.41784236,0.5273103,0.6496963,0.33008903,0.52019703,0.6133415,0.52970105,0.5414087571428571,0.5629338714285714,0.3483830857142857,0.54413337,0.5136026,0.5001572,0.6594458,0.59547985,0.31291777,0.6506704,0.5291734,0.5278171
data\videos\no_fall\56.mp4,0.38154748,0.5997811,0.5097341,0.3691025,0.6036971,0.52695584,0.37059098,0.59080017,0.5007762,0.36087966,0.62182695,0.4796084,0.36776429,0.5994132750000001,0.323909075,0.39975446,0.66235685,0.71935564,0.40416372,0.6111327,0.52486706,0.46939307,0.66549796,0.41882583,0.4675872,0.59023476,0.33087692,0.49337950857142854,0.5985704314285714,0.38939868857142856,0.4888651,0.5699812,0.39700222,0.5291134,0.6533288,0.4316168,0.521484,0.615571,0.5150752,0.5414916285714285,0.5624709857142858,0.34720888285714285,0.5428413,0.5161135,0.5241611,0.6628136,0.6025153,0.5713619,0.6535722,0.5320765,0.3679099
data\videos\no_fall\56.mp4,0.3820206,0.599651,0.5050037,0.3687991,0.60405976,0.53561044,0.3703117,0.591679,0.4823234,0.3598826,0.6205858,0.350886,0.36762774,0.59964335,0.32369268,0.40015808,0.6617662,0.73043036,0.4071489,0.60778695,0.41489702,0.47191662,0.6630931,0.39150774,0.470584,0.59058183,0.38482502,0.49408966,0.59746766,0.38591942,0.49184167,0.5701853,0.42706615,0.5342687,0.6530914,0.47104666,0.52476543,0.61016804,0.40547982,0.5415745,0.5620081,0.34603468,0.5420857,0.51797473,0.5822196,0.659979,0.598152,0.3982269,0.6546494,0.5301952,0.5123271
data\videos\no_fall\56.mp4,0.3808313,0.600603,0.49394652,0.36741066,0.60546917,0.5310823,0.36975825,0.59469116,0.3309588,0.35932866,0.62168217,0.34435013,0.36772537,0.59896713,0.32428357,0.39940378,0.66215324,0.73818207,0.4067393,0.6071704,0.41172722,0.47020993,0.664596,0.4423772,0.46673405,0.58849454,0.36385882,0.49341023,0.60163265,0.37876278,0.489162545,0.570302215,0.363910855,0.52818596,0.6567367,0.48079845,0.52081597,0.6142989,0.5687141,0.54211134,0.5650377,0.3260219,0.5411846,0.5182478,0.58227336,0.65844756,0.5968059,0.49942142,0.649038,0.5285573,0.6196505
data\videos\no_fall\56.mp4,0.38115886,0.6019966,0.5228578,0.36790267,0.6074087,0.5408944,0.37036848,0.59617853,0.40290523,0.35950652,0.62435406,0.40887213,0.36815393,0.5993995,0.32604998,0.39907622,0.6628404,0.71742773,0.40669984,0.60506314,0.42710295,0.46762374,0.6687466,0.43162507,0.4669373,0.5869508,0.3268905,0.4872886,0.6070773,0.37783757,0.48648342,0.57041913,0.30075556,0.526022,0.6542623,0.40474746,0.51993006,0.612995,0.55726814,0.5428987166666667,0.5641935866666666,0.31972237666666664,0.54128355,0.5149509,0.5442403,0.6549937,0.598091,0.46451265,0.6478934,0.53057504,0.43842673
data\videos\no_fall\56.mp4,0.38358942,0.6014706,0.5213871,0.37069428,0.6059404,0.51384616,0.37301403,0.5952776,0.33603117,0.36172497,0.6223448,0.377822,0.368374435,0.5996482999999999,0.32256184,0.40036926,0.6631797,0.7197468,0.40841547,0.6070646,0.4276061,0.4705768,0.6656927,0.40758038,0.46830973,0.59020185,0.3562395,0.48711658,0.6045381,0.37698153,0.4866555,0.5733766,0.32592708,0.5269027,0.6502738,0.35813752,0.5199781,0.61101896,0.5541037,0.5436860933333334,0.5633494733333333,0.31342285333333336,0.5433848,0.51453227,0.5202082,0.65739787,0.595519,0.5062821,0.65028954,0.52949584,0.55866444
data\videos\no_fall\56.mp4,0.38268635,0.60033095,0.51460445,0.37006056,0.6040363,0.5324801,0.37118375,0.59174526,0.4607805,0.3618873,0.6222523,0.49660486,0.36859494,0.5998971,0.3190737,0.39973515,0.6610097,0.7144428,0.40282533,0.61040074,0.55065477,0.46869493,0.66817546,0.4529415,0.46200243,0.5947701,0.4608837,0.48552537,0.60760176,0.40150484,0.48379934,0.57270664,0.36732548,0.52630216,0.64770335,0.5520772,0.5168904,0.6086898,0.49445394,0.54447347,0.56250536,0.30712333,0.5434494,0.51267594,0.5494828,0.657581135,0.5963711700000001,0.486711415,0.64851576,0.5282803,0.5530081
data\videos\no_fall\56.mp4,0.38330904,0.59942085,0.5109,0.37011024,0.6029825,0.49874887,0.37115186,0.5918419,0.46058112,0.36176622,0.62078154,0.51412976,0.36776596,0.6012693,0.3714431,0.39900604,0.66094893,0.7451579,0.40359896,0.6093131,0.5505335,0.46938273,0.66567975,0.46729144,0.4648266,0.59263736,0.42971227,0.48719683,0.6031721,0.37192932,0.4864507,0.5706302,0.33794057,0.5254877,0.6478744,0.5714248,0.5173494,0.6066349,0.48557475,0.544280285,0.5620044799999999,0.31840658,0.5438579,0.5131381,0.5630362,0.6577644,0.59722334,0.46714073,0.6498523,0.52851796,0.61514235
data\videos\no_fall\56.mp4,0.38119087,0.6000118,0.48545304,0.36797166,0.6039618,0.54467195,0.36934522,0.59217685,0.4602316,0.3591194,0.620324,0.33954248,0.36627522,0.60191715,0.37696356,0.39845255,0.6625682,0.73929197,0.40347376,0.6103057,0.57508624,0.46858138,0.6689569,0.46985063,0.46479514,0.59363425,0.30192053,0.49233496,0.60217917,0.42828968,0.4905906,0.57066584,0.3426629,0.5247631,0.6511022,0.35884318,0.51760805,0.61142486,0.56050026,0.5440871,0.5615036,0.32968983,0.5418984,0.516936,0.43422014,0.6550846,0.5911933,0.3142563,0.6508321,0.5282858,0.5958822
data\videos\no_fall\56.mp4,0.38281012,0.5998861,0.48126113,0.36914685,0.6037709,0.5255865,0.37069792,0.59126896,0.46641392,0.3601713,0.6200578,0.35811207,0.36764464,0.59966725,0.34799847,0.40000558,0.66259503,0.7305997,0.40450194,0.6087523,0.5272879,0.4688244,0.66755694,0.41937727,0.46414903,0.5918033,0.444848,0.48978555,0.6048808,0.41573268,0.48909882,0.5710565,0.37165478,0.52437955,0.6478799,0.46365383,0.51906306,0.6072082,0.4884696,0.5468275,0.5614698,0.3412722,0.54444534,0.51538265,0.4404502,0.66184825,0.59690493,0.54273266,0.6544607,0.5287926,0.5401387
data\videos\no_fall\56.mp4,0.38227084,0.6006825,0.520488,0.3690325,0.605167,0.5378554,0.37043712,0.59247935,0.46773586,0.35965094,0.62068236,0.37340096,0.36764464,0.59966725,0.34799847,0.39879495,0.66103095,0.74901116,0.40306985,0.6073884,0.5186074,0.46688485,0.66744745,0.3720289,0.46150342,0.59184057,0.41114303,0.4871627,0.6086304,0.39230448,0.48589465,0.57390803,0.41461757,0.5263389,0.64530814,0.5771878,0.51762646,0.60522467,0.4584996,0.5468275,0.5614698,0.3412722,0.5437301,0.5132536,0.53174114,0.66184825,0.59690493,0.54273266,0.6502533,0.52833986,0.5685638
